country,country_code,longitude,latitude,PC1,PC2
Croatia,HR,16.1,45.32,0.0111,-0.046
Serbia and Montenegro,YG,20.6157230848337,43.9494926410995,-0.03,-0.0443
Czech Republic,CZ,15.3769842272552,49.7366066102774,0.0137,-0.0444
Bosnia and Herzegovina,BA,17.862023036397,44.1758758177205,0.0028,-0.0493
Serbia and Montenegro,YG,20.6157230848337,43.9494926410995,-0.0031,-0.0416
Serbia and Montenegro,YG,20.6157230848337,43.9494926410995,-0.0026,-0.0424
Serbia and Montenegro,YG,20.6157230848337,43.9494926410995,-0.0241,-0.0478
Romania,RO,24.9821171437008,45.8858243977516,-0.0304,-0.0537
Serbia and Montenegro,YG,20.6157230848337,43.9494926410995,-0.0011,-0.0545
Bosnia and Herzegovina,BA,17.862023036397,44.1758758177205,0.0048,-0.0588
Bosnia and Herzegovina,BA,17.862023036397,44.1758758177205,0.001,-0.0539
Serbia and Montenegro,YG,20.6157230848337,43.9494926410995,-0.0314,-0.0508
Bulgaria,BG,25.2182005971862,42.8151664853966,-0.016,-0.0376
Serbia and Montenegro,YG,20.6157230848337,43.9494926410995,-0.0254,-0.0579
Serbia and Montenegro,YG,20.6157230848337,43.9494926410995,-0.0317,-0.0496
Hungary,HU,19.3687924374399,47.1822394595205,-0.0086,-0.0451
Hungary,HU,19.3687924374399,47.1822394595205,0.0149,-0.0462
Hungary,HU,19.3687924374399,47.1822394595205,-0.0104,-0.0416
Czech Republic,CZ,15.3769842272552,49.7366066102774,0.0212,-0.032
Romania,RO,24.9821171437008,45.8858243977516,-0.0061,-0.0422
Serbia and Montenegro,YG,20.6157230848337,43.9494926410995,-0.0192,-0.0561
Romania,RO,24.9821171437008,45.8858243977516,-0.0131,-0.0417
Hungary,HU,19.3687924374399,47.1822394595205,0.0086,-0.0398
Serbia and Montenegro,YG,20.6157230848337,43.9494926410995,0.0028,-0.0497
Serbia and Montenegro,YG,20.6157230848337,43.9494926410995,-0.0109,-0.0488
Hungary,HU,19.3687924374399,47.1822394595205,0.011,-0.0384
Serbia and Montenegro,YG,20.6157230848337,43.9494926410995,-0.003,-0.059
Romania,RO,24.9821171437008,45.8858243977516,0.0099,-0.0532
Bosnia and Herzegovina,BA,17.862023036397,44.1758758177205,0.0023,-0.047
Slovakia,SK,19.5167408690893,48.7084711361039,-0.057,-0.0215
Serbia and Montenegro,YG,20.6157230848337,43.9494926410995,-0.0078,-0.0512
Bosnia and Herzegovina,BA,17.862023036397,44.1758758177205,0.0058,-0.0605
Albania,AL,20.0669417599939,41.2010555936319,-0.0354,-0.0491
Hungary,HU,19.3687924374399,47.1822394595205,0.0161,-0.0368
Ukraine,UA,31.3892588389883,49.0619830464609,0.0234,-0.0727
Serbia and Montenegro,YG,20.6157230848337,43.9494926410995,-0.012,-0.0506
Romania,RO,24.9821171437008,45.8858243977516,-0.0119,-0.0558
Romania,RO,24.9821171437008,45.8858243977516,0.0045,-0.0453
Bulgaria,BG,25.2182005971862,42.8151664853966,-0.0202,-0.0431
Hungary,HU,19.3687924374399,47.1822394595205,0.0145,-0.0349
Serbia and Montenegro,YG,20.6157230848337,43.9494926410995,-0.0321,-0.0529
Serbia and Montenegro,YG,20.6157230848337,43.9494926410995,-0.0296,-0.0571
Serbia and Montenegro,YG,20.6157230848337,43.9494926410995,0.0021,-0.0454
Czech Republic,CZ,15.3769842272552,49.7366066102774,0.0281,-0.0627
Croatia,HR,16.1,45.32,0.0166,-0.068
Czech Republic,CZ,15.3769842272552,49.7366066102774,0.0222,-0.0284
Czech Republic,CZ,15.3769842272552,49.7366066102774,0.0212,-0.0415
Albania,AL,20.0669417599939,41.2010555936319,-0.02,-0.0484
Croatia,HR,16.1,45.32,-0.0383,-0.0486
Czech Republic,CZ,15.3769842272552,49.7366066102774,-0.0006,-0.0494
Serbia and Montenegro,YG,20.6157230848337,43.9494926410995,-0.031,-0.0501
Hungary,HU,19.3687924374399,47.1822394595205,0.0179,-0.0423
Latvia,LV,24.856977593073,56.9121980114132,0.0516,-0.0666
Czech Republic,CZ,15.3769842272552,49.7366066102774,0.019,-0.0412
Romania,RO,24.9821171437008,45.8858243977516,-0.0147,-0.0475
Serbia and Montenegro,YG,20.6157230848337,43.9494926410995,0.002,-0.0628
Romania,RO,24.9821171437008,45.8858243977516,-0.0244,-0.036
Hungary,HU,19.3687924374399,47.1822394595205,0.0186,-0.0359
Serbia and Montenegro,YG,20.6157230848337,43.9494926410995,0.0,-0.0507
Czech Republic,CZ,15.3769842272552,49.7366066102774,0.022,-0.0429
Serbia and Montenegro,YG,20.6157230848337,43.9494926410995,0.0013,-0.0422
Albania,AL,20.0669417599939,41.2010555936319,-0.033,-0.0427
Romania,RO,24.9821171437008,45.8858243977516,-0.014,-0.0416
"Macedonia, The Former Yugoslav Republic Of",MK,21.693976544465,41.6709567270118,-0.0266,-0.0423
Hungary,HU,19.3687924374399,47.1822394595205,0.0172,-0.0297
Czech Republic,CZ,15.3769842272552,49.7366066102774,0.0105,-0.0306
Bosnia and Herzegovina,BA,17.862023036397,44.1758758177205,0.0032,-0.0622
Serbia and Montenegro,YG,20.6157230848337,43.9494926410995,-0.0071,-0.0424
Hungary,HU,19.3687924374399,47.1822394595205,0.0185,-0.0424
Serbia and Montenegro,YG,20.6157230848337,43.9494926410995,-0.0353,-0.0462
Serbia and Montenegro,YG,20.6157230848337,43.9494926410995,-0.0273,-0.0542
Croatia,HR,16.1,45.32,0.008,-0.0582
Serbia and Montenegro,YG,20.6157230848337,43.9494926410995,0.0009,-0.0496
Croatia,HR,16.1,45.32,0.0109,-0.052
"Macedonia, The Former Yugoslav Republic Of",MK,21.693976544465,41.6709567270118,-0.0111,-0.0371
Romania,RO,24.9821171437008,45.8858243977516,-0.0166,-0.0399
Serbia and Montenegro,YG,20.6157230848337,43.9494926410995,-0.0106,-0.0597
Romania,RO,24.9821171437008,45.8858243977516,-0.0127,-0.0219
Serbia and Montenegro,YG,20.6157230848337,43.9494926410995,-0.0253,-0.0507
"Macedonia, The Former Yugoslav Republic Of",MK,21.693976544465,41.6709567270118,-0.0189,-0.0507
Hungary,HU,19.3687924374399,47.1822394595205,0.0133,-0.0406
Romania,RO,24.9821171437008,45.8858243977516,-0.0119,-0.0398
Serbia and Montenegro,YG,20.6157230848337,43.9494926410995,-0.0263,-0.0544
Croatia,HR,16.1,45.32,0.0033,-0.0322
Serbia and Montenegro,YG,20.6157230848337,43.9494926410995,-0.0239,-0.0594
Serbia and Montenegro,YG,20.6157230848337,43.9494926410995,-0.0243,-0.0494
Slovenia,SI,14.77396657511,46.1226431116918,0.0084,-0.0568
Hungary,HU,19.3687924374399,47.1822394595205,0.0136,-0.0536
Hungary,HU,19.3687924374399,47.1822394595205,-0.0074,-0.041
Serbia and Montenegro,YG,20.6157230848337,43.9494926410995,-0.0294,-0.0507
Hungary,HU,19.3687924374399,47.1822394595205,-0.0034,-0.0379
Serbia and Montenegro,YG,20.6157230848337,43.9494926410995,-0.0287,-0.0476
Serbia and Montenegro,YG,20.6157230848337,43.9494926410995,-0.0301,-0.0415
Serbia and Montenegro,YG,20.6157230848337,43.9494926410995,-0.0077,-0.0324
Serbia and Montenegro,YG,20.6157230848337,43.9494926410995,-0.0034,-0.055
Hungary,HU,19.3687924374399,47.1822394595205,0.0101,-0.0329
Czech Republic,CZ,15.3769842272552,49.7366066102774,0.0205,-0.0429
Czech Republic,CZ,15.3769842272552,49.7366066102774,0.0252,-0.0413
Bosnia and Herzegovina,BA,17.862023036397,44.1758758177205,-0.0049,-0.0446
Hungary,HU,19.3687924374399,47.1822394595205,0.0104,-0.0313
"Macedonia, The Former Yugoslav Republic Of",MK,21.693976544465,41.6709567270118,-0.022,-0.0365
Bosnia and Herzegovina,BA,17.862023036397,44.1758758177205,0.0108,-0.0454
Serbia and Montenegro,YG,20.6157230848337,43.9494926410995,-0.0372,-0.0447
Hungary,HU,19.3687924374399,47.1822394595205,0.0161,-0.0434
Serbia and Montenegro,YG,20.6157230848337,43.9494926410995,-0.0018,-0.065
Serbia and Montenegro,YG,20.6157230848337,43.9494926410995,0.0003,-0.0395
Romania,RO,24.9821171437008,45.8858243977516,-0.0125,-0.0434
Serbia and Montenegro,YG,20.6157230848337,43.9494926410995,-0.0258,-0.0426
United Kingdom,UK,-2.33119501692698,53.5432480069741,0.0248,0.012
United Kingdom,UK,-2.33119501692698,53.5432480069741,0.0278,-0.0008
Ireland,IE,-8.18040076502755,53.1966827266848,0.0429,0.0312
United Kingdom,UK,-2.33119501692698,53.5432480069741,0.0234,0.0051
Ireland,IE,-8.18040076502755,53.1966827266848,0.0345,0.0108
United Kingdom,UK,-2.33119501692698,53.5432480069741,0.0129,-0.0032
Ireland,IE,-8.18040076502755,53.1966827266848,0.0363,0.0144
Ireland,IE,-8.18040076502755,53.1966827266848,0.0377,0.0196
United Kingdom,UK,-2.33119501692698,53.5432480069741,0.0306,-0.0021
Ireland,IE,-8.18040076502755,53.1966827266848,0.0343,0.0161
Ireland,IE,-8.18040076502755,53.1966827266848,0.0325,0.0027
United Kingdom,UK,-2.33119501692698,53.5432480069741,0.0244,0.0196
United Kingdom,UK,-2.33119501692698,53.5432480069741,0.0369,-0.0095
Sweden,SE,18.0,59.35,0.0381,-0.0208
United Kingdom,UK,-2.33119501692698,53.5432480069741,0.0258,0.0194
Ireland,IE,-8.18040076502755,53.1966827266848,0.034,0.0203
United Kingdom,UK,-2.33119501692698,53.5432480069741,0.0334,0.0128
Scotland,Sct,-3.2,55.95,0.0276,0.0008
Ireland,IE,-8.18040076502755,53.1966827266848,0.0343,0.0138
United Kingdom,UK,-2.33119501692698,53.5432480069741,0.037,0.0216
United Kingdom,UK,-2.33119501692698,53.5432480069741,0.0247,0.0087
United Kingdom,UK,-2.33119501692698,53.5432480069741,0.0256,-0.0017
United Kingdom,UK,-2.33119501692698,53.5432480069741,0.0287,-0.0026
United Kingdom,UK,-2.33119501692698,53.5432480069741,0.0238,0.0085
United Kingdom,UK,-2.33119501692698,53.5432480069741,0.0277,0.0069
United Kingdom,UK,-2.33119501692698,53.5432480069741,0.03,0.0094
Ireland,IE,-8.18040076502755,53.1966827266848,0.0358,0.0133
Ireland,IE,-8.18040076502755,53.1966827266848,0.0346,0.0234
United Kingdom,UK,-2.33119501692698,53.5432480069741,0.0224,-0.0035
Ireland,IE,-8.18040076502755,53.1966827266848,0.0311,0.016
United Kingdom,UK,-2.33119501692698,53.5432480069741,0.0351,0.0034
United Kingdom,UK,-2.33119501692698,53.5432480069741,0.0332,-0.0227
United Kingdom,UK,-2.33119501692698,53.5432480069741,0.0284,0.0078
United Kingdom,UK,-2.33119501692698,53.5432480069741,0.0299,-0.0075
United Kingdom,UK,-2.33119501692698,53.5432480069741,0.0342,0.0087
Ireland,IE,-8.18040076502755,53.1966827266848,0.0295,0.0098
Croatia,HR,16.1,45.32,0.0023,-0.0454
Ireland,IE,-8.18040076502755,53.1966827266848,0.0334,0.0099
Ireland,IE,-8.18040076502755,53.1966827266848,0.0321,0.0143
Ireland,IE,-8.18040076502755,53.1966827266848,0.0351,0.0247
Kosovo,KS,21.1,42.7,-0.0256,-0.0622
United Kingdom,UK,-2.33119501692698,53.5432480069741,0.0278,-0.0046
United Kingdom,UK,-2.33119501692698,53.5432480069741,0.0284,0.0063
United Kingdom,UK,-2.33119501692698,53.5432480069741,0.0284,0.0168
United Kingdom,UK,-2.33119501692698,53.5432480069741,0.0267,0.0032
Ireland,IE,-8.18040076502755,53.1966827266848,0.0321,0.0084
United Kingdom,UK,-2.33119501692698,53.5432480069741,0.0261,0.0047
United Kingdom,UK,-2.33119501692698,53.5432480069741,0.0326,-0.062
United Kingdom,UK,-2.33119501692698,53.5432480069741,0.0282,0.0169
United Kingdom,UK,-2.33119501692698,53.5432480069741,0.03,-0.0022
United Kingdom,UK,-2.33119501692698,53.5432480069741,0.0305,0.0164
United Kingdom,UK,-2.33119501692698,53.5432480069741,0.0285,0.008
United Kingdom,UK,-2.33119501692698,53.5432480069741,0.0249,0.0093
United Kingdom,UK,-2.33119501692698,53.5432480069741,0.0269,0.0029
United Kingdom,UK,-2.33119501692698,53.5432480069741,0.0326,0.0113
United Kingdom,UK,-2.33119501692698,53.5432480069741,0.0254,-0.0014
Ireland,IE,-8.18040076502755,53.1966827266848,0.0426,0.0127
United Kingdom,UK,-2.33119501692698,53.5432480069741,0.0097,-0.0258
United Kingdom,UK,-2.33119501692698,53.5432480069741,0.0341,0.0039
United Kingdom,UK,-2.33119501692698,53.5432480069741,0.0295,0.0059
United Kingdom,UK,-2.33119501692698,53.5432480069741,0.028,0.005
United Kingdom,UK,-2.33119501692698,53.5432480069741,0.0318,-0.0025
United Kingdom,UK,-2.33119501692698,53.5432480069741,0.0289,0.0025
United Kingdom,UK,-2.33119501692698,53.5432480069741,0.0253,0.0147
United Kingdom,UK,-2.33119501692698,53.5432480069741,0.0249,0.0173
United Kingdom,UK,-2.33119501692698,53.5432480069741,0.0348,-0.0174
United Kingdom,UK,-2.33119501692698,53.5432480069741,0.0268,0.0087
United Kingdom,UK,-2.33119501692698,53.5432480069741,0.0333,0.0027
Ireland,IE,-8.18040076502755,53.1966827266848,0.0352,0.0127
Ireland,IE,-8.18040076502755,53.1966827266848,0.0421,0.0163
United Kingdom,UK,-2.33119501692698,53.5432480069741,0.0267,-0.0109
United Kingdom,UK,-2.33119501692698,53.5432480069741,0.0254,0.0039
United Kingdom,UK,-2.33119501692698,53.5432480069741,0.0225,0.0065
United Kingdom,UK,-2.33119501692698,53.5432480069741,0.0298,-0.0016
Scotland,Sct,-3.2,55.95,0.0358,0.004
United Kingdom,UK,-2.33119501692698,53.5432480069741,0.0329,0.0066
United Kingdom,UK,-2.33119501692698,53.5432480069741,0.0331,0.008
Ireland,IE,-8.18040076502755,53.1966827266848,0.0343,0.0172
Italy,IT,12.5,42.0,-0.0212,0.0024
United Kingdom,UK,-2.33119501692698,53.5432480069741,0.0252,-0.0068
Germany,DE,10.3589016293772,51.0835556416166,0.0161,0.0013
Ireland,IE,-8.18040076502755,53.1966827266848,0.0266,0.0235
Ireland,IE,-8.18040076502755,53.1966827266848,0.0295,0.0105
Cyprus,CY,33.1996854536619,35.0981563694544,-0.0719,-0.0318
United Kingdom,UK,-2.33119501692698,53.5432480069741,0.0353,0.0072
United Kingdom,UK,-2.33119501692698,53.5432480069741,0.0319,0.0103
Italy,IT,12.5,42.0,-0.0561,-0.019
Italy,IT,12.5,42.0,-0.022,0.0051
Portugal,PT,-8.0163924833239,39.5909680725474,-0.0272,0.0387
Italy,IT,12.5,42.0,-0.0529,-0.0312
Spain,ES,-3.56611484727657,40.3287080082217,-0.0217,0.0369
Italy,IT,12.5,42.0,-0.0507,-0.0172
Italy,IT,12.5,42.0,-0.0596,-0.0104
Spain,ES,-3.56611484727657,40.3287080082217,-0.015,0.0356
Spain,ES,-3.56611484727657,40.3287080082217,-0.0175,0.048
Italy,IT,12.5,42.0,-0.0385,-0.0085
Italy,IT,12.5,42.0,-0.0432,-0.0154
Italy,IT,12.5,42.0,-0.0204,-0.0052
Italy,IT,12.5,42.0,-0.0203,-0.0006
Italy,IT,12.5,42.0,-0.0401,-0.0317
Spain,ES,-3.56611484727657,40.3287080082217,-0.013,0.0459
Spain,ES,-3.56611484727657,40.3287080082217,-0.0114,0.0387
Spain,ES,-3.56611484727657,40.3287080082217,-0.01,0.0326
Greece,GR,22.7088465896785,40.0341318427376,-0.0605,-0.0128
Spain,ES,-3.56611484727657,40.3287080082217,-0.0209,0.0281
Italy,IT,12.5,42.0,-0.0349,-0.0177
Italy,IT,12.5,42.0,-0.02,-0.0011
Spain,ES,-3.56611484727657,40.3287080082217,-0.0198,0.0232
Spain,ES,-3.56611484727657,40.3287080082217,-0.0151,0.0265
Spain,ES,-3.56611484727657,40.3287080082217,-0.016,0.0335
Spain,ES,-3.56611484727657,40.3287080082217,-0.01,0.0443
Spain,ES,-3.56611484727657,40.3287080082217,-0.0197,0.0433
Italy,IT,12.5,42.0,-0.0367,-0.0082
Spain,ES,-3.56611484727657,40.3287080082217,-0.0111,0.0366
Spain,ES,-3.56611484727657,40.3287080082217,-0.0171,0.0523
Italy,IT,12.5,42.0,-0.0502,-0.0347
Italy,IT,12.5,42.0,-0.0523,-0.0283
Spain,ES,-3.56611484727657,40.3287080082217,-0.0126,0.0417
Spain,ES,-3.56611484727657,40.3287080082217,-0.0143,0.042
Italy,IT,12.5,42.0,-0.0591,-0.0152
Spain,ES,-3.56611484727657,40.3287080082217,-0.0206,0.0381
Spain,ES,-3.56611484727657,40.3287080082217,-0.021,0.0361
Greece,GR,22.7088465896785,40.0341318427376,-0.0316,-0.0409
Spain,ES,-3.56611484727657,40.3287080082217,-0.0168,0.0487
Portugal,PT,-8.0163924833239,39.5909680725474,-0.0178,0.0356
Spain,ES,-3.56611484727657,40.3287080082217,-0.0153,0.0494
Italy,IT,12.5,42.0,-0.0607,-0.0217
Italy,IT,12.5,42.0,-0.0178,-0.0079
Italy,IT,12.5,42.0,-0.0494,-0.0157
Italy,IT,12.5,42.0,-0.0152,-0.0148
Italy,IT,12.5,42.0,-0.0492,-0.0131
Portugal,PT,-8.0163924833239,39.5909680725474,-0.0204,0.0452
Italy,IT,12.5,42.0,-0.0242,-0.005
Italy,IT,12.5,42.0,-0.04,-0.0238
Italy,IT,12.5,42.0,-0.0503,-0.0343
Greece,GR,22.7088465896785,40.0341318427376,-0.033,-0.0505
Italy,IT,12.5,42.0,-0.0407,-0.0136
Italy,IT,12.5,42.0,-0.0597,-0.0261
Italy,IT,12.5,42.0,-0.0214,0.0028
Italy,IT,12.5,42.0,-0.0253,-0.0107
Italy,IT,12.5,42.0,-0.0514,-0.0184
Italy,IT,12.5,42.0,-0.0514,-0.0161
Spain,ES,-3.56611484727657,40.3287080082217,-0.0148,0.0435
Spain,ES,-3.56611484727657,40.3287080082217,-0.0176,0.0447
Italy,IT,12.5,42.0,-0.0577,-0.0233
Portugal,PT,-8.0163924833239,39.5909680725474,-0.0133,0.0316
Spain,ES,-3.56611484727657,40.3287080082217,-0.0139,0.0391
Spain,ES,-3.56611484727657,40.3287080082217,-0.0088,0.0423
Italy,IT,12.5,42.0,-0.0167,-0.0003
Italy,IT,12.5,42.0,-0.0344,-0.0176
Italy,IT,12.5,42.0,-0.0602,-0.0192
Italy,IT,12.5,42.0,-0.0433,-0.0248
Italy,IT,12.5,42.0,-0.0439,-0.019
Italy,IT,12.5,42.0,-0.051,-0.0279
Spain,ES,-3.56611484727657,40.3287080082217,-0.0202,0.0331
Italy,IT,12.5,42.0,-0.0183,-0.0146
Italy,IT,12.5,42.0,-0.013,-0.0242
Spain,ES,-3.56611484727657,40.3287080082217,-0.0224,0.0363
Spain,ES,-3.56611484727657,40.3287080082217,-0.0187,0.0447
Italy,IT,12.5,42.0,-0.0505,-0.0239
Italy,IT,12.5,42.0,-0.0364,0.0028
Italy,IT,12.5,42.0,-0.0531,-0.0127
Spain,ES,-3.56611484727657,40.3287080082217,-0.0161,0.045
Portugal,PT,-8.0163924833239,39.5909680725474,-0.0207,0.0501
Spain,ES,-3.56611484727657,40.3287080082217,-0.0159,0.0481
Italy,IT,12.5,42.0,-0.053,-0.0237
Italy,IT,12.5,42.0,-0.0605,-0.0141
Spain,ES,-3.56611484727657,40.3287080082217,-0.0067,0.0298
Italy,IT,12.5,42.0,-0.0485,-0.0199
Spain,ES,-3.56611484727657,40.3287080082217,-0.0233,0.0316
Italy,IT,12.5,42.0,-0.0594,-0.0189
Spain,ES,-3.56611484727657,40.3287080082217,-0.0223,0.0331
Italy,IT,12.5,42.0,-0.0522,-0.0145
Spain,ES,-3.56611484727657,40.3287080082217,-0.0194,0.0417
Italy,IT,12.5,42.0,-0.0435,-0.0207
Spain,ES,-3.56611484727657,40.3287080082217,-0.0144,0.0311
Italy,IT,12.5,42.0,-0.029,-0.0001
Italy,IT,12.5,42.0,-0.0492,-0.0301
Italy,IT,12.5,42.0,-0.0098,-0.0098
Spain,ES,-3.56611484727657,40.3287080082217,-0.016,0.0277
Italy,IT,12.5,42.0,-0.0595,-0.0003
Italy,IT,12.5,42.0,-0.0492,-0.0171
Italy,IT,12.5,42.0,-0.0415,-0.0266
Spain,ES,-3.56611484727657,40.3287080082217,-0.0084,0.0137
Italy,IT,12.5,42.0,-0.0094,-0.0166
Italy,IT,12.5,42.0,-0.0042,-0.0112
Italy,IT,12.5,42.0,-0.0414,-0.028
Spain,ES,-3.56611484727657,40.3287080082217,-0.0091,0.0265
Italy,IT,12.5,42.0,-0.0537,-0.0188
Spain,ES,-3.56611484727657,40.3287080082217,-0.0102,0.0481
Italy,IT,12.5,42.0,-0.0572,-0.0152
Spain,ES,-3.56611484727657,40.3287080082217,-0.0093,0.0449
Italy,IT,12.5,42.0,-0.022,0.0064
Portugal,PT,-8.0163924833239,39.5909680725474,-0.0166,0.0407
Italy,IT,12.5,42.0,-0.0392,-0.0135
Portugal,PT,-8.0163924833239,39.5909680725474,-0.0149,0.0544
Italy,IT,12.5,42.0,-0.0042,-0.0069
Spain,ES,-3.56611484727657,40.3287080082217,-0.0098,0.0138
Spain,ES,-3.56611484727657,40.3287080082217,-0.0198,0.03
Portugal,PT,-8.0163924833239,39.5909680725474,-0.0201,0.0401
Spain,ES,-3.56611484727657,40.3287080082217,-0.0125,0.0402
Italy,IT,12.5,42.0,-0.0388,-0.021
Italy,IT,12.5,42.0,-0.0482,-0.0347
Italy,IT,12.5,42.0,-0.0534,-0.0123
Spain,ES,-3.56611484727657,40.3287080082217,-0.0099,0.0182
Portugal,PT,-8.0163924833239,39.5909680725474,-0.0231,0.041
Spain,ES,-3.56611484727657,40.3287080082217,-0.0145,0.0447
Turkey,TR,35.4099851969245,39.0611878403777,-0.0503,-0.083
Spain,ES,-3.56611484727657,40.3287080082217,-0.0083,0.0292
Italy,IT,12.5,42.0,-0.0352,-0.0074
Italy,IT,12.5,42.0,-0.0531,-0.0223
Spain,ES,-3.56611484727657,40.3287080082217,-0.0098,0.0341
Italy,IT,12.5,42.0,-0.019,-0.0115
Greece,GR,22.7088465896785,40.0341318427376,-0.0496,-0.0275
Portugal,PT,-8.0163924833239,39.5909680725474,-0.0189,0.0325
Spain,ES,-3.56611484727657,40.3287080082217,-0.0194,0.0392
Spain,ES,-3.56611484727657,40.3287080082217,-0.0197,0.0354
Italy,IT,12.5,42.0,-0.0528,-0.0212
Spain,ES,-3.56611484727657,40.3287080082217,-0.0216,0.0461
Turkey,TR,35.4099851969245,39.0611878403777,-0.062,-0.0692
Greece,GR,22.7088465896785,40.0341318427376,-0.0449,-0.0382
Spain,ES,-3.56611484727657,40.3287080082217,-0.0124,0.0339
Spain,ES,-3.56611484727657,40.3287080082217,-0.013,0.0289
Italy,IT,12.5,42.0,-0.0494,-0.0315
Italy,IT,12.5,42.0,-0.0487,-0.0186
Italy,IT,12.5,42.0,-0.0591,-0.0251
Italy,IT,12.5,42.0,-0.0523,-0.0214
Italy,IT,12.5,42.0,-0.0539,0.039
Italy,IT,12.5,42.0,-0.0545,-0.0157
Portugal,PT,-8.0163924833239,39.5909680725474,-0.0157,0.0224
Spain,ES,-3.56611484727657,40.3287080082217,-0.0106,0.031
Italy,IT,12.5,42.0,-0.041,-0.0156
Italy,IT,12.5,42.0,-0.0565,-0.0328
Spain,ES,-3.56611484727657,40.3287080082217,-0.0146,0.0423
Spain,ES,-3.56611484727657,40.3287080082217,-0.0113,0.0392
Italy,IT,12.5,42.0,-0.0347,-0.0264
Italy,IT,12.5,42.0,-0.0198,0.0025
Spain,ES,-3.56611484727657,40.3287080082217,-0.0186,0.0369
Spain,ES,-3.56611484727657,40.3287080082217,-0.0171,0.0318
Spain,ES,-3.56611484727657,40.3287080082217,-0.0093,0.0401
Spain,ES,-3.56611484727657,40.3287080082217,-0.015,0.0426
Portugal,PT,-8.0163924833239,39.5909680725474,-0.0183,0.0409
Spain,ES,-3.56611484727657,40.3287080082217,-0.0101,0.0341
Spain,ES,-3.56611484727657,40.3287080082217,-0.0106,0.0388
Spain,ES,-3.56611484727657,40.3287080082217,-0.012,0.0306
Spain,ES,-3.56611484727657,40.3287080082217,-0.0031,0.0432
Spain,ES,-3.56611484727657,40.3287080082217,-0.026,0.0334
Spain,ES,-3.56611484727657,40.3287080082217,-0.0191,0.0453
Italy,IT,12.5,42.0,-0.0384,-0.0275
Italy,IT,12.5,42.0,-0.0476,-0.0244
Spain,ES,-3.56611484727657,40.3287080082217,-0.0222,0.0389
Italy,IT,12.5,42.0,-0.0637,-0.0073
Spain,ES,-3.56611484727657,40.3287080082217,-0.0115,0.0424
Spain,ES,-3.56611484727657,40.3287080082217,-0.018,0.0484
Italy,IT,12.5,42.0,-0.0206,-0.0118
Italy,IT,12.5,42.0,-0.0325,-0.0175
Italy,IT,12.5,42.0,-0.0172,-0.0016
Italy,IT,12.5,42.0,-0.0262,-0.0177
Portugal,PT,-8.0163924833239,39.5909680725474,-0.0223,0.0354
Italy,IT,12.5,42.0,-0.0458,-0.034
Spain,ES,-3.56611484727657,40.3287080082217,-0.0161,0.0467
Italy,IT,12.5,42.0,-0.0542,-0.0222
Italy,IT,12.5,42.0,-0.0462,-0.0099
Spain,ES,-3.56611484727657,40.3287080082217,-0.0164,0.0307
Portugal,PT,-8.0163924833239,39.5909680725474,-0.0185,0.0363
Portugal,PT,-8.0163924833239,39.5909680725474,-0.0238,0.0435
Italy,IT,12.5,42.0,-0.0167,0.0068
Turkey,TR,35.4099851969245,39.0611878403777,-0.0427,-0.0689
Italy,IT,12.5,42.0,-0.0501,-0.0229
Portugal,PT,-8.0163924833239,39.5909680725474,-0.0182,0.0274
Spain,ES,-3.56611484727657,40.3287080082217,-0.0141,0.0369
Italy,IT,12.5,42.0,-0.0336,-0.0175
Italy,IT,12.5,42.0,-0.0314,-0.0022
Spain,ES,-3.56611484727657,40.3287080082217,-0.021,0.0342
Spain,ES,-3.56611484727657,40.3287080082217,-0.0202,0.0452
Italy,IT,12.5,42.0,-0.047,-0.0205
Spain,ES,-3.56611484727657,40.3287080082217,-0.027,0.0201
Italy,IT,12.5,42.0,-0.0268,-0.0062
Italy,IT,12.5,42.0,-0.0023,-0.0425
Spain,ES,-3.56611484727657,40.3287080082217,-0.0232,0.0426
Italy,IT,12.5,42.0,-0.0502,-0.0208
Spain,ES,-3.56611484727657,40.3287080082217,-0.0168,0.0378
Spain,ES,-3.56611484727657,40.3287080082217,-0.0106,0.0247
Italy,IT,12.5,42.0,-0.0177,-0.0054
Spain,ES,-3.56611484727657,40.3287080082217,-0.0245,0.0408
Spain,ES,-3.56611484727657,40.3287080082217,-0.0202,0.0417
Spain,ES,-3.56611484727657,40.3287080082217,-0.0129,0.0324
Portugal,PT,-8.0163924833239,39.5909680725474,-0.0204,0.0405
Turkey,TR,35.4099851969245,39.0611878403777,-0.0544,-0.0571
Italy,IT,12.5,42.0,-0.0081,0.0015
Spain,ES,-3.56611484727657,40.3287080082217,-0.0153,0.0226
Italy,IT,12.5,42.0,-0.0262,-0.0201
Italy,IT,12.5,42.0,-0.0402,-0.0263
Spain,ES,-3.56611484727657,40.3287080082217,-0.0086,0.042
Italy,IT,12.5,42.0,-0.043,-0.0216
Italy,IT,12.5,42.0,-0.022,0.001
Greece,GR,22.7088465896785,40.0341318427376,-0.0398,-0.0465
Italy,IT,12.5,42.0,-0.0478,-0.0233
Italy,IT,12.5,42.0,-0.02,0.0059
Italy,IT,12.5,42.0,-0.0237,-0.0093
Spain,ES,-3.56611484727657,40.3287080082217,-0.0156,0.0371
Italy,IT,12.5,42.0,-0.0485,-0.0164
Spain,ES,-3.56611484727657,40.3287080082217,-0.0085,0.0297
Portugal,PT,-8.0163924833239,39.5909680725474,-0.0164,0.0295
Italy,IT,12.5,42.0,-0.0594,-0.0272
Italy,IT,12.5,42.0,-0.0459,0.0464
Italy,IT,12.5,42.0,-0.0182,0.0012
Portugal,PT,-8.0163924833239,39.5909680725474,-0.0226,0.0446
Swiss-French,CH,6.15,46.2,0.0071,-0.0006
Swiss-French,CH,6.15,46.2,0.0063,0.0041
Swiss-German,CH,8.55,47.36,0.0113,-0.0004
Swiss-French,CH,6.15,46.2,0.0021,0.0057
Swiss-Italian,CH,8.95,46.0,-0.0165,-0.0084
Italy,IT,12.5,42.0,-0.0494,-0.0178
Belgium,BE,4.61479191810973,50.6615342351454,0.0203,-0.0107
Italy,IT,12.5,42.0,-0.0431,-0.0197
Spain,ES,-3.56611484727657,40.3287080082217,-0.0231,0.0577
Spain,ES,-3.56611484727657,40.3287080082217,-0.0155,0.0175
France,FR,2.39432767075193,46.6058680055316,0.0007,0.0268
Portugal,PT,-8.0163924833239,39.5909680725474,-0.0203,0.0397
Swiss-French,CH,6.15,46.2,0.0082,0.0102
Swiss-French,CH,6.15,46.2,0.0104,-0.0029
Italy,IT,12.5,42.0,-0.0433,-0.0087
Spain,ES,-3.56611484727657,40.3287080082217,-0.0194,0.0434
Belgium,BE,4.61479191810973,50.6615342351454,0.0165,0.0019
Portugal,PT,-8.0163924833239,39.5909680725474,-0.0156,0.0423
Swiss-French,CH,6.15,46.2,0.0097,0.0037
Portugal,PT,-8.0163924833239,39.5909680725474,-0.0199,0.0387
Belgium,BE,4.61479191810973,50.6615342351454,0.0213,-0.0039
Italy,IT,12.5,42.0,-0.0428,-0.021
Italy,IT,12.5,42.0,-0.0433,-0.0223
Swiss-French,CH,6.15,46.2,0.0074,0.0078
Italy,IT,12.5,42.0,-0.0434,-0.0139
Germany,DE,10.3589016293772,51.0835556416166,0.018,-0.0109
Swiss-German,CH,8.55,47.36,0.0083,-0.0113
Swiss-French,CH,6.15,46.2,0.0046,-0.0009
Swiss-German,CH,8.55,47.36,0.0094,-0.0081
Belgium,BE,4.61479191810973,50.6615342351454,0.006,-0.0023
Portugal,PT,-8.0163924833239,39.5909680725474,-0.0189,0.0304
Italy,IT,12.5,42.0,-0.0463,-0.0061
Swiss-German,CH,8.55,47.36,0.0184,0.0005
Swiss-French,CH,6.15,46.2,0.0071,-0.0025
Italy,IT,12.5,42.0,-0.0496,-0.0273
Austria,AT,14.1174253717318,47.59249681831,0.0084,-0.0273
Swiss-German,CH,8.55,47.36,0.0137,-0.0158
Italy,IT,12.5,42.0,-0.049,-0.0221
Spain,ES,-3.56611484727657,40.3287080082217,-0.0126,0.042
Swiss-German,CH,8.55,47.36,0.0125,0.0031
France,FR,2.39432767075193,46.6058680055316,-0.0097,0.0001
Italy,IT,12.5,42.0,-0.0079,0.0016
France,FR,2.39432767075193,46.6058680055316,0.006,0.0143
Germany,DE,10.3589016293772,51.0835556416166,0.0182,-0.0086
Italy,IT,12.5,42.0,-0.0273,-0.0051
Belgium,BE,4.61479191810973,50.6615342351454,0.0154,-0.0016
Portugal,PT,-8.0163924833239,39.5909680725474,-0.0231,0.04
Portugal,PT,-8.0163924833239,39.5909680725474,-0.0181,0.0421
Swiss-French,CH,6.15,46.2,0.0052,-0.0004
France,FR,2.39432767075193,46.6058680055316,0.0111,0.0054
Swiss-French,CH,6.15,46.2,0.0026,0.0059
France,FR,2.39432767075193,46.6058680055316,0.0081,0.0177
Swiss-French,CH,6.15,46.2,-0.0021,0.0086
Spain,ES,-3.56611484727657,40.3287080082217,-0.0228,0.0445
Swiss-Italian,CH,8.95,46.0,-0.0141,-0.0064
Swiss-French,CH,6.15,46.2,-0.0002,0.0031
Portugal,PT,-8.0163924833239,39.5909680725474,-0.0127,0.0492
Swiss-German,CH,8.55,47.36,0.013,-0.0003
France,FR,2.39432767075193,46.6058680055316,0.0087,0.0045
Swiss-French,CH,6.15,46.2,0.017,0.0182
Swiss-German,CH,8.55,47.36,0.0029,-0.0076
Swiss-French,CH,6.15,46.2,0.0042,0.0063
France,FR,2.39432767075193,46.6058680055316,0.0053,0.0163
France,FR,2.39432767075193,46.6058680055316,-0.0081,0.0426
Swiss-French,CH,6.15,46.2,0.006,0.0036
Greece,GR,22.7088465896785,40.0341318427376,-0.0354,-0.0421
France,FR,2.39432767075193,46.6058680055316,-0.0049,0.0194
Swiss-French,CH,6.15,46.2,0.0039,-0.0052
Spain,ES,-3.56611484727657,40.3287080082217,-0.0157,0.0344
Italy,IT,12.5,42.0,-0.0468,-0.0236
Portugal,PT,-8.0163924833239,39.5909680725474,-0.0148,0.0391
Serbia and Montenegro,RS,20.6157230848337,43.9494926410995,0.0031,-0.0448
Swiss-German,CH,8.55,47.36,0.0085,-0.0025
Spain,ES,-3.56611484727657,40.3287080082217,-0.0182,0.0298
Swiss-German,CH,8.55,47.36,0.0092,-0.0028
Swiss-French,CH,6.15,46.2,0.0083,0.0056
Swiss-French,CH,6.15,46.2,0.0086,0.0133
Germany,DE,10.3589016293772,51.0835556416166,0.0116,-0.0112
Swiss-French,CH,6.15,46.2,0.0061,0.0106
Germany,DE,10.3589016293772,51.0835556416166,0.0328,-0.0323
Italy,IT,12.5,42.0,-0.0578,-0.0269
Swiss-German,CH,8.55,47.36,0.0105,-0.0122
Swiss-French,CH,6.15,46.2,0.0109,-0.0131
Swiss-German,CH,8.55,47.36,0.0084,-0.0017
Portugal,PT,-8.0163924833239,39.5909680725474,-0.0173,0.0235
France,FR,2.39432767075193,46.6058680055316,0.009,0.023
Portugal,PT,-8.0163924833239,39.5909680725474,-0.0176,0.0462
Swiss-French,CH,6.15,46.2,0.0015,-0.0072
Portugal,PT,-8.0163924833239,39.5909680725474,-0.019,0.0382
Spain,ES,-3.56611484727657,40.3287080082217,-0.0129,0.0392
Swiss-French,CH,6.15,46.2,0.0067,0.0058
Italy,IT,12.5,42.0,-0.0246,-0.0119
Spain,ES,-3.56611484727657,40.3287080082217,-0.0168,0.0409
Swiss-German,CH,8.55,47.36,0.0099,-0.0071
Portugal,PT,-8.0163924833239,39.5909680725474,-0.0171,0.0368
Swiss-French,CH,6.15,46.2,0.006,-0.0037
Swiss-French,CH,6.15,46.2,0.0111,0.0024
Portugal,PT,-8.0163924833239,39.5909680725474,-0.0198,0.0553
Germany,DE,10.3589016293772,51.0835556416166,0.03,-0.0313
Portugal,PT,-8.0163924833239,39.5909680725474,-0.0175,0.0404
France,FR,2.39432767075193,46.6058680055316,0.0021,0.0039
Swiss-French,CH,6.15,46.2,0.0038,0.0104
Swiss-German,CH,8.55,47.36,0.0038,-0.0013
Poland,PL,19.394607648779,52.14189866452,0.0285,-0.0311
Swiss-German,CH,8.55,47.36,0.0187,-0.0118
Italy,IT,12.5,42.0,0.0048,0.0179
Italy,IT,12.5,42.0,-0.0096,-0.0114
Sweden,SE,18.0,59.35,0.0393,-0.0228
Swiss-French,CH,6.15,46.2,0.0128,0.0048
Swiss-French,CH,6.15,46.2,0.0078,0.0044
Portugal,PT,-8.0163924833239,39.5909680725474,-0.0181,0.047
Sweden,SE,18.0,59.35,0.0476,-0.0189
Swiss-French,CH,6.15,46.2,0.0038,0.0036
France,FR,2.39432767075193,46.6058680055316,0.0078,-0.0035
Spain,ES,-3.56611484727657,40.3287080082217,-0.0136,0.0388
Swiss-French,CH,6.15,46.2,0.0017,-0.0041
Italy,IT,12.5,42.0,-0.0146,-0.0131
France,FR,2.39432767075193,46.6058680055316,0.0195,0.0077
Italy,IT,12.5,42.0,-0.047,-0.0228
Swiss-Italian,CH,8.95,46.0,-0.0175,0.0033
Portugal,PT,-8.0163924833239,39.5909680725474,-0.0232,0.0497
Italy,IT,12.5,42.0,-0.0477,-0.0172
France,FR,2.39432767075193,46.6058680055316,0.0101,0.0103
Italy,IT,12.5,42.0,-0.0198,-0.0045
Portugal,PT,-8.0163924833239,39.5909680725474,-0.0134,0.0282
Swiss-French,CH,6.15,46.2,0.0094,0.0038
Netherlands,NL,5.66711565691123,52.2661386478456,0.0353,-0.0114
Belgium,BE,4.61479191810973,50.6615342351454,0.0169,0.0028
Portugal,PT,-8.0163924833239,39.5909680725474,-0.0216,0.0521
Spain,ES,-3.56611484727657,40.3287080082217,-0.0147,0.0507
Germany,DE,10.3589016293772,51.0835556416166,0.0246,-0.0444
France,FR,2.39432767075193,46.6058680055316,0.0056,0.0221
Spain,ES,-3.56611484727657,40.3287080082217,-0.0111,0.039
France,FR,2.39432767075193,46.6058680055316,-0.0021,0.0123
Italy,IT,12.5,42.0,-0.0501,0.0537
Italy,IT,12.5,42.0,-0.0191,0.0078
Swiss-French,CH,6.15,46.2,0.0023,0.0151
Austria,AT,14.1174253717318,47.59249681831,0.0114,-0.0242
Swiss-French,CH,6.15,46.2,0.0019,-0.0082
Portugal,PT,-8.0163924833239,39.5909680725474,-0.0195,0.0284
Spain,ES,-3.56611484727657,40.3287080082217,-0.0144,0.0329
France,FR,2.39432767075193,46.6058680055316,0.0162,0.0176
Austria,AT,14.1174253717318,47.59249681831,0.0112,-0.0101
Italy,IT,12.5,42.0,-0.021,-0.0023
France,FR,2.39432767075193,46.6058680055316,0.0133,0.0068
Portugal,PT,-8.0163924833239,39.5909680725474,-0.0147,0.038
Portugal,PT,-8.0163924833239,39.5909680725474,-0.0161,0.0408
Italy,IT,12.5,42.0,-0.0494,-0.0247
France,FR,2.39432767075193,46.6058680055316,0.006,0.0065
Swiss-German,CH,8.55,47.36,0.0147,-0.0053
France,FR,2.39432767075193,46.6058680055316,0.0075,0.0089
Swiss-German,CH,8.55,47.36,0.0166,-0.0019
Italy,IT,12.5,42.0,-0.0163,-0.0012
Swiss-French,CH,6.15,46.2,0.0018,-0.0095
France,FR,2.39432767075193,46.6058680055316,0.0044,0.0033
Italy,IT,12.5,42.0,-0.0381,-0.0225
Italy,IT,12.5,42.0,-0.0496,-0.0264
Germany,DE,10.3589016293772,51.0835556416166,0.024,-0.0195
Swiss-German,CH,8.55,47.36,0.0115,-0.0023
Swiss-French,CH,6.15,46.2,0.006,0.0125
Swiss-French,CH,6.15,46.2,0.0074,-0.0047
Italy,IT,12.5,42.0,-0.0186,0.0004
Swiss-German,CH,8.55,47.36,0.0093,0.0002
France,FR,2.39432767075193,46.6058680055316,0.007,0.0077
Portugal,PT,-8.0163924833239,39.5909680725474,-0.0175,0.0405
Belgium,BE,4.61479191810973,50.6615342351454,0.024,-0.0111
Italy,IT,12.5,42.0,-0.0185,-0.007
France,FR,2.39432767075193,46.6058680055316,-0.0006,0.0177
Portugal,PT,-8.0163924833239,39.5909680725474,-0.0187,0.0477
Spain,ES,-3.56611484727657,40.3287080082217,-0.013,0.0266
Portugal,PT,-8.0163924833239,39.5909680725474,-0.0166,0.0477
Portugal,PT,-8.0163924833239,39.5909680725474,-0.0168,0.0325
Portugal,PT,-8.0163924833239,39.5909680725474,-0.0182,0.0408
Belgium,BE,4.61479191810973,50.6615342351454,0.0233,-0.0067
Belgium,BE,4.61479191810973,50.6615342351454,0.0204,0.0009
Swiss-German,CH,8.55,47.36,0.0104,0.0019
Portugal,PT,-8.0163924833239,39.5909680725474,-0.0221,0.0423
Italy,IT,12.5,42.0,-0.0301,0.0007
Swiss-French,CH,6.15,46.2,0.0077,-0.0102
Swiss-French,CH,6.15,46.2,0.0044,0.0009
Swiss-German,CH,8.55,47.36,0.0082,0.0
Swiss-French,CH,6.15,46.2,0.0055,-0.0058
Swiss-German,CH,8.55,47.36,0.0039,-0.0047
Portugal,PT,-8.0163924833239,39.5909680725474,-0.0186,0.0379
Portugal,PT,-8.0163924833239,39.5909680725474,-0.0242,0.0451
Portugal,PT,-8.0163924833239,39.5909680725474,-0.0191,0.0371
Italy,IT,12.5,42.0,-0.0526,-0.0164
Italy,IT,12.5,42.0,-0.0248,0.0
Spain,ES,-3.56611484727657,40.3287080082217,-0.0156,0.0433
Swiss-Italian,CH,8.95,46.0,0.0096,-0.0025
Swiss-French,CH,6.15,46.2,0.0054,0.0025
Swiss-French,CH,6.15,46.2,0.0128,-0.0105
Portugal,PT,-8.0163924833239,39.5909680725474,-0.0171,0.0368
Portugal,PT,-8.0163924833239,39.5909680725474,-0.0199,0.0381
Swiss-German,CH,8.55,47.36,-0.005,-0.0139
Italy,IT,12.5,42.0,0.0075,-0.0296
Romania,RO,24.9821171437008,45.8858243977516,-0.0049,-0.0487
France,FR,2.39432767075193,46.6058680055316,-0.0097,-0.0105
France,FR,2.39432767075193,46.6058680055316,0.0049,0.0085
Portugal,PT,-8.0163924833239,39.5909680725474,-0.0161,0.0315
Swiss-German,CH,8.55,47.36,0.0101,-0.0056
Italy,IT,12.5,42.0,-0.0259,-0.0227
Swiss-German,CH,8.55,47.36,0.006,-0.004
Swiss-French,CH,6.15,46.2,0.0097,-0.0059
France,FR,2.39432767075193,46.6058680055316,0.0043,0.0067
Portugal,PT,-8.0163924833239,39.5909680725474,-0.0123,0.0409
Belgium,BE,4.61479191810973,50.6615342351454,0.0255,-0.0028
Swiss-German,CH,8.55,47.36,0.0165,-0.0027
Italy,IT,12.5,42.0,-0.0515,-0.0178
Swiss-French,CH,6.15,46.2,0.014,0.0097
Italy,IT,12.5,42.0,-0.0542,0.0347
Portugal,PT,-8.0163924833239,39.5909680725474,-0.0144,0.0397
Italy,IT,12.5,42.0,-0.0244,-0.0054
Poland,PL,19.394607648779,52.14189866452,0.0365,-0.0548
Swiss-German,CH,8.55,47.36,0.0056,-0.001
Italy,IT,12.5,42.0,-0.0446,-0.0267
Swiss-French,CH,6.15,46.2,0.0052,0.005
Germany,DE,10.3589016293772,51.0835556416166,0.0121,-0.0051
Belgium,BE,4.61479191810973,50.6615342351454,0.0157,0.0058
Portugal,PT,-8.0163924833239,39.5909680725474,-0.0198,0.0371
Swiss-French,CH,6.15,46.2,0.0062,0.0038
France,FR,2.39432767075193,46.6058680055316,0.0247,0.0122
Italy,IT,12.5,42.0,-0.0351,-0.0122
Swiss-German,CH,8.55,47.36,0.0072,-0.0006
Italy,IT,12.5,42.0,-0.055,-0.0196
Portugal,PT,-8.0163924833239,39.5909680725474,-0.0172,0.0398
Swiss-German,CH,8.55,47.36,0.0017,-0.01
Swiss-French,CH,6.15,46.2,0.0036,0.0079
Portugal,PT,-8.0163924833239,39.5909680725474,-0.0226,0.0437
Swiss-French,CH,6.15,46.2,0.0066,0.0003
Netherlands,NL,5.66711565691123,52.2661386478456,0.029,0.0027
Germany,DE,10.3589016293772,51.0835556416166,0.0023,-0.0187
Swiss-German,CH,8.55,47.36,0.0041,-0.0045
Swiss-German,CH,8.55,47.36,0.0145,-0.0057
Swiss-German,CH,8.55,47.36,0.0019,-0.0044
France,FR,2.39432767075193,46.6058680055316,-0.0171,0.0185
Swiss-French,CH,6.15,46.2,-0.0015,0.0079
Austria,AT,14.1174253717318,47.59249681831,0.0224,-0.0414
Portugal,PT,-8.0163924833239,39.5909680725474,-0.036,-0.0221
Portugal,PT,-8.0163924833239,39.5909680725474,-0.0126,0.0361
Italy,IT,12.5,42.0,-0.0577,-0.0135
Italy,IT,12.5,42.0,-0.0285,0.0013
Swiss-German,CH,8.55,47.36,0.0139,-0.0073
Portugal,PT,-8.0163924833239,39.5909680725474,-0.0153,0.0382
Swiss-French,CH,6.15,46.2,0.0087,-0.0163
Portugal,PT,-8.0163924833239,39.5909680725474,-0.0166,0.0363
Swiss-French,CH,6.15,46.2,0.0061,-0.001
Germany,DE,10.3589016293772,51.0835556416166,0.0063,-0.0062
Portugal,PT,-8.0163924833239,39.5909680725474,-0.0191,0.0372
Spain,ES,-3.56611484727657,40.3287080082217,-0.0128,0.0394
Portugal,PT,-8.0163924833239,39.5909680725474,-0.0184,0.0369
Swiss-French,CH,6.15,46.2,0.0031,-0.0059
Swiss-French,CH,6.15,46.2,0.0041,-0.0046
Italy,IT,12.5,42.0,-0.0497,-0.007
Swiss-French,CH,6.15,46.2,0.0028,-0.0026
Portugal,PT,-8.0163924833239,39.5909680725474,-0.0159,0.0292
Germany,DE,10.3589016293772,51.0835556416166,0.0022,-0.0041
Swiss-French,CH,6.15,46.2,0.0068,-0.0061
Italy,IT,12.5,42.0,-0.0549,-0.0251
Germany,DE,10.3589016293772,51.0835556416166,0.0218,-0.0089
Swiss-French,CH,6.15,46.2,0.0073,-0.0035
Portugal,PT,-8.0163924833239,39.5909680725474,-0.0211,0.0374
Portugal,PT,-8.0163924833239,39.5909680725474,-0.0238,0.0423
France,FR,2.39432767075193,46.6058680055316,0.0018,0.0259
Swiss-French,CH,6.15,46.2,0.0108,0.0032
Portugal,PT,-8.0163924833239,39.5909680725474,-0.0213,0.0399
Swiss-Italian,CH,8.95,46.0,-0.0044,-0.0071
Italy,IT,12.5,42.0,-0.0163,0.0057
Portugal,PT,-8.0163924833239,39.5909680725474,-0.0228,0.0407
Portugal,PT,-8.0163924833239,39.5909680725474,-0.0097,0.0384
Swiss-German,CH,8.55,47.36,0.0118,-0.01
Swiss-German,CH,8.55,47.36,0.0129,-0.0036
Italy,IT,12.5,42.0,-0.0528,-0.0165
Portugal,PT,-8.0163924833239,39.5909680725474,-0.0174,0.0344
Swiss-Italian,CH,8.95,46.0,-0.0209,0.0052
France,FR,2.39432767075193,46.6058680055316,0.0121,0.0064
Netherlands,NL,5.66711565691123,52.2661386478456,0.0318,-0.0002
Italy,IT,12.5,42.0,-0.0616,-0.0237
Spain,ES,-3.56611484727657,40.3287080082217,-0.0163,0.0465
Portugal,PT,-8.0163924833239,39.5909680725474,-0.019,0.054
France,FR,2.39432767075193,46.6058680055316,0.0172,-0.0058
Swiss-French,CH,6.15,46.2,0.0066,-0.0044
Portugal,PT,-8.0163924833239,39.5909680725474,-0.0153,0.0335
Italy,IT,12.5,42.0,-0.058,-0.0314
Portugal,PT,-8.0163924833239,39.5909680725474,-0.022,0.0367
France,FR,2.39432767075193,46.6058680055316,0.0055,0.0021
Swiss-French,CH,6.15,46.2,0.0077,0.0015
Swiss-German,CH,8.55,47.36,0.0091,-0.005
Portugal,PT,-8.0163924833239,39.5909680725474,-0.0163,0.0437
Spain,ES,-3.56611484727657,40.3287080082217,-0.0139,0.0411
Portugal,PT,-8.0163924833239,39.5909680725474,-0.0185,0.0376
Portugal,PT,-8.0163924833239,39.5909680725474,-0.0196,0.0379
Portugal,PT,-8.0163924833239,39.5909680725474,-0.0174,0.0194
Italy,IT,12.5,42.0,-0.0525,-0.022
France,FR,2.39432767075193,46.6058680055316,0.0086,0.0064
Swiss-German,CH,8.55,47.36,0.0083,-0.0028
Portugal,PT,-8.0163924833239,39.5909680725474,-0.0153,0.0361
Germany,DE,10.3589016293772,51.0835556416166,0.0372,-0.0012
Spain,ES,-3.56611484727657,40.3287080082217,-0.0117,0.0446
Portugal,PT,-8.0163924833239,39.5909680725474,-0.0189,0.0343
Italy,IT,12.5,42.0,-0.0427,-0.0196
France,FR,2.39432767075193,46.6058680055316,-0.0203,0.0179
France,FR,2.39432767075193,46.6058680055316,0.0023,0.0159
Swiss-French,CH,6.15,46.2,0.0031,0.0138
Italy,IT,12.5,42.0,-0.0582,-0.0259
Spain,ES,-3.56611484727657,40.3287080082217,-0.0113,0.0432
Sweden,SE,18.0,59.35,0.0431,-0.015
Swiss-German,CH,8.55,47.36,0.0076,-0.0182
Portugal,PT,-8.0163924833239,39.5909680725474,-0.0188,0.0434
Swiss-French,CH,6.15,46.2,0.0036,0.0068
Swiss-French,CH,6.15,46.2,0.0081,0.0071
Portugal,PT,-8.0163924833239,39.5909680725474,-0.0137,0.0442
Swiss-French,CH,6.15,46.2,0.0062,-0.0093
Portugal,PT,-8.0163924833239,39.5909680725474,-0.0195,0.05
Italy,IT,12.5,42.0,-0.0215,0.0019
Italy,IT,12.5,42.0,-0.0592,-0.0236
Swiss-German,CH,8.55,47.36,0.0164,-0.0169
Italy,IT,12.5,42.0,-0.0512,-0.0344
Italy,IT,12.5,42.0,-0.0544,-0.0213
Italy,IT,12.5,42.0,-0.0083,-0.0147
Swiss-German,CH,8.55,47.36,0.006,-0.0119
Swiss-French,CH,6.15,46.2,0.0121,-0.0069
Germany,DE,10.3589016293772,51.0835556416166,0.0277,-0.0169
Portugal,PT,-8.0163924833239,39.5909680725474,-0.0257,0.054
Italy,IT,12.5,42.0,-0.0535,-0.0323
Swiss-French,CH,6.15,46.2,0.0017,0.0032
Portugal,PT,-8.0163924833239,39.5909680725474,-0.0153,0.0351
Swiss-Italian,CH,8.95,46.0,-0.0141,0.0173
Netherlands,NL,5.66711565691123,52.2661386478456,0.0401,0.0014
Swiss-French,CH,6.15,46.2,0.0006,0.0016
Spain,ES,-3.56611484727657,40.3287080082217,-0.012,0.0391
Swiss-German,CH,8.55,47.36,0.0044,-0.0016
Austria,AT,14.1174253717318,47.59249681831,0.0024,-0.0137
Swiss-French,CH,6.15,46.2,0.0076,-0.0042
Italy,IT,12.5,42.0,-0.0579,-0.0152
Swiss-French,CH,6.15,46.2,0.0094,0.003
Portugal,PT,-8.0163924833239,39.5909680725474,-0.0196,0.0423
Italy,IT,12.5,42.0,-0.0342,-0.0232
Italy,IT,12.5,42.0,-0.0519,-0.0257
France,FR,2.39432767075193,46.6058680055316,-0.0015,0.019
Swiss-German,CH,8.55,47.36,0.0134,-0.0011
Spain,ES,-3.56611484727657,40.3287080082217,-0.0131,0.0457
Swiss-German,CH,8.55,47.36,0.0057,0.0005
Belgium,BE,4.61479191810973,50.6615342351454,0.0061,-0.003
Spain,ES,-3.56611484727657,40.3287080082217,-0.0239,0.0298
Portugal,PT,-8.0163924833239,39.5909680725474,-0.0226,0.0471
Hungary,HU,19.3687924374399,47.1822394595205,0.0161,-0.0542
Swiss-German,CH,8.55,47.36,0.0076,-0.0044
Swiss-German,CH,8.55,47.36,0.0072,0.0052
France,FR,2.39432767075193,46.6058680055316,-0.001,0.0126
Swiss-German,CH,8.55,47.36,-0.0164,-0.0161
France,FR,2.39432767075193,46.6058680055316,0.0055,0.0137
Portugal,PT,-8.0163924833239,39.5909680725474,-0.0211,0.0334
Swiss-German,CH,8.55,47.36,0.0023,-0.0105
Portugal,PT,-8.0163924833239,39.5909680725474,-0.0133,0.0356
Italy,IT,12.5,42.0,-0.0505,-0.0288
Swiss-French,CH,6.15,46.2,0.0053,0.0189
Swiss-French,CH,6.15,46.2,0.0041,0.0024
Swiss-French,CH,6.15,46.2,0.005,0.0006
France,FR,2.39432767075193,46.6058680055316,0.0125,0.009
France,FR,2.39432767075193,46.6058680055316,0.006,0.0153
Swiss-French,CH,6.15,46.2,0.0042,0.0004
Italy,IT,12.5,42.0,-0.0483,-0.0154
Italy,IT,12.5,42.0,-0.0151,-0.0005
Spain,ES,-3.56611484727657,40.3287080082217,-0.0203,0.0367
Swiss-French,CH,6.15,46.2,0.0019,0.0033
Swiss-French,CH,6.15,46.2,0.0065,-0.0003
Swiss-German,CH,8.55,47.36,0.0128,-0.0101
Spain,ES,-3.56611484727657,40.3287080082217,-0.0117,0.0511
France,FR,2.39432767075193,46.6058680055316,-0.0012,0.0155
Swiss-French,CH,6.15,46.2,0.0001,-0.0091
Spain,ES,-3.56611484727657,40.3287080082217,-0.0113,0.0383
Italy,IT,12.5,42.0,-0.0185,0.0098
Spain,ES,-3.56611484727657,40.3287080082217,-0.0144,0.0398
Russian Federation,RU,37.5,55.75,0.0359,-0.06
France,FR,2.39432767075193,46.6058680055316,0.0023,0.0053
Italy,IT,12.5,42.0,-0.0161,-0.0111
Portugal,PT,-8.0163924833239,39.5909680725474,-0.0197,0.0474
Swiss-French,CH,6.15,46.2,0.0076,0.0015
Portugal,PT,-8.0163924833239,39.5909680725474,-0.0119,0.0338
Swiss-German,CH,8.55,47.36,0.0049,-0.0016
Swiss-French,CH,6.15,46.2,0.0043,-0.0011
United Kingdom,UK,-2.33119501692698,53.5432480069741,0.028,0.0127
Poland,PL,19.394607648779,52.14189866452,0.0331,-0.0435
Swiss-German,CH,8.55,47.36,0.0084,-0.0036
Swiss-French,CH,6.15,46.2,0.0036,0.0146
Spain,ES,-3.56611484727657,40.3287080082217,-0.0129,0.0302
Swiss-German,CH,8.55,47.36,0.0135,0.0003
Swiss-French,CH,6.15,46.2,0.0101,0.0026
France,FR,2.39432767075193,46.6058680055316,-0.0007,0.0282
Portugal,PT,-8.0163924833239,39.5909680725474,-0.0169,0.0403
France,FR,2.39432767075193,46.6058680055316,0.0087,0.0136
Italy,IT,12.5,42.0,-0.0373,-0.0121
Portugal,PT,-8.0163924833239,39.5909680725474,-0.0168,0.0448
Swiss-French,CH,6.15,46.2,0.0126,-0.0018
Swiss-Italian,CH,8.95,46.0,-0.0106,-0.0015
Swiss-French,CH,6.15,46.2,0.0092,-0.0068
France,FR,2.39432767075193,46.6058680055316,0.0133,0.0119
France,FR,2.39432767075193,46.6058680055316,-0.001,0.0197
Swiss-German,CH,8.55,47.36,0.0048,-0.0052
Spain,ES,-3.56611484727657,40.3287080082217,-0.0124,0.0488
Swiss-German,CH,8.55,47.36,-0.0008,0.0018
France,FR,2.39432767075193,46.6058680055316,0.0108,0.0049
Swiss-Italian,CH,8.95,46.0,-0.0095,0.0005
France,FR,2.39432767075193,46.6058680055316,-0.0086,-0.0028
Portugal,PT,-8.0163924833239,39.5909680725474,-0.0262,0.0461
Germany,DE,10.3589016293772,51.0835556416166,0.0061,0.0025
Italy,IT,12.5,42.0,-0.0316,-0.0122
Russian Federation,RU,37.5,55.75,-0.005,-0.0182
Spain,ES,-3.56611484727657,40.3287080082217,-0.0108,0.0263
Swiss-German,CH,8.55,47.36,0.0181,-0.0113
Swiss-French,CH,6.15,46.2,0.011,-0.0051
Spain,ES,-3.56611484727657,40.3287080082217,-0.0163,0.0433
Portugal,PT,-8.0163924833239,39.5909680725474,-0.022,0.0519
Portugal,PT,-8.0163924833239,39.5909680725474,-0.0183,0.019
Swiss-German,CH,8.55,47.36,0.0097,-0.0021
Italy,IT,12.5,42.0,-0.0351,-0.0109
Swiss-French,CH,6.15,46.2,0.0046,0.0013
Portugal,PT,-8.0163924833239,39.5909680725474,-0.0167,0.0463
Spain,ES,-3.56611484727657,40.3287080082217,-0.0168,0.034
France,FR,2.39432767075193,46.6058680055316,-0.0038,0.0243
Swiss-French,CH,6.15,46.2,-0.0023,-0.001
Netherlands,NL,5.66711565691123,52.2661386478456,0.0206,-0.0082
France,FR,2.39432767075193,46.6058680055316,0.0054,0.03
Swiss-German,CH,8.55,47.36,0.0114,-0.0004
Swiss-French,CH,6.15,46.2,0.009,0.0084
Portugal,PT,-8.0163924833239,39.5909680725474,-0.0134,0.0408
Germany,DE,10.3589016293772,51.0835556416166,0.0175,-0.0075
Italy,IT,12.5,42.0,-0.0535,-0.0149
Portugal,PT,-8.0163924833239,39.5909680725474,-0.0152,0.0431
Swiss-French,CH,6.15,46.2,0.0106,-0.0049
Swiss-French,CH,6.15,46.2,-0.0026,0.0047
Italy,IT,12.5,42.0,-0.022,-0.0047
Portugal,PT,-8.0163924833239,39.5909680725474,-0.0194,0.0425
Spain,ES,-3.56611484727657,40.3287080082217,-0.0062,0.0481
Spain,ES,-3.56611484727657,40.3287080082217,-0.0134,0.0336
Swiss-German,CH,8.55,47.36,0.0163,-0.0074
Swiss-German,CH,8.55,47.36,0.0165,-0.011
Swiss-French,CH,6.15,46.2,-0.0007,0.0093
Swiss-German,CH,8.55,47.36,0.008,-0.0116
Swiss-French,CH,6.15,46.2,0.001,-0.0061
Swiss-French,CH,6.15,46.2,0.0075,0.0047
France,FR,2.39432767075193,46.6058680055316,0.0267,0.0183
France,FR,2.39432767075193,46.6058680055316,0.0096,0.0053
Portugal,PT,-8.0163924833239,39.5909680725474,-0.0174,0.0347
Swiss-German,CH,8.55,47.36,0.0114,-0.002
France,FR,2.39432767075193,46.6058680055316,-0.0006,0.0256
France,FR,2.39432767075193,46.6058680055316,0.018,0.0089
Belgium,BE,4.61479191810973,50.6615342351454,0.0194,-0.0051
France,FR,2.39432767075193,46.6058680055316,0.016,0.0012
Swiss-French,CH,6.15,46.2,0.0095,-0.0042
Swiss-French,CH,6.15,46.2,0.017,-0.0017
Belgium,BE,4.61479191810973,50.6615342351454,0.0128,-0.0055
France,FR,2.39432767075193,46.6058680055316,0.0152,0.016
France,FR,2.39432767075193,46.6058680055316,0.0272,0.0064
Spain,ES,-3.56611484727657,40.3287080082217,-0.0069,0.0293
France,FR,2.39432767075193,46.6058680055316,-0.0027,0.019
Portugal,PT,-8.0163924833239,39.5909680725474,-0.0187,0.0411
Italy,IT,12.5,42.0,-0.0604,-0.0248
Swiss-French,CH,6.15,46.2,0.014,0.0015
Swiss-French,CH,6.15,46.2,0.0066,0.0073
Russian Federation,RU,37.5,55.75,0.0349,-0.0504
Italy,IT,12.5,42.0,-0.0559,-0.0104
France,FR,2.39432767075193,46.6058680055316,-0.001,0.0346
Portugal,PT,-8.0163924833239,39.5909680725474,-0.0259,0.047
Italy,IT,12.5,42.0,-0.0154,-0.0095
Swiss-French,CH,6.15,46.2,0.0103,0.0111
Italy,IT,12.5,42.0,-0.0272,-0.0056
Swiss-French,CH,6.15,46.2,0.0033,0.0126
Italy,IT,12.5,42.0,-0.0476,-0.0276
Swiss-German,CH,8.55,47.36,0.0116,-0.0033
Swiss-German,CH,8.55,47.36,0.0199,-0.0019
France,FR,2.39432767075193,46.6058680055316,0.0095,0.013
France,FR,2.39432767075193,46.6058680055316,0.0079,0.0162
France,FR,2.39432767075193,46.6058680055316,0.0064,0.0182
Italy,IT,12.5,42.0,-0.0409,-0.0202
Swiss-French,CH,6.15,46.2,0.0056,-0.0072
Swiss-French,CH,6.15,46.2,0.0059,0.0024
Italy,IT,12.5,42.0,-0.0615,-0.0262
Portugal,PT,-8.0163924833239,39.5909680725474,-0.019,0.0365
Swiss-French,CH,6.15,46.2,0.0102,0.0001
Swiss-German,CH,8.55,47.36,0.0053,-0.0035
France,FR,2.39432767075193,46.6058680055316,0.0055,0.01
Sweden,SE,18.0,59.35,0.0446,-0.0237
United Kingdom,UK,-2.33119501692698,53.5432480069741,0.0352,0.0066
Swiss-French,CH,6.15,46.2,0.0124,-0.0014
France,FR,2.39432767075193,46.6058680055316,0.0052,0.0195
Norway,NO,10.68,59.93,0.0421,0.0016
Italy,IT,12.5,42.0,-0.0467,-0.0111
Swiss-German,CH,8.55,47.36,0.0035,-0.0046
Germany,DE,10.3589016293772,51.0835556416166,0.0079,-0.0059
Swiss-Italian,CH,8.95,46.0,-0.0458,-0.02
Portugal,PT,-8.0163924833239,39.5909680725474,-0.0154,0.0264
France,FR,2.39432767075193,46.6058680055316,0.0116,0.0016
Swiss-French,CH,6.15,46.2,0.0079,-0.0088
Italy,IT,12.5,42.0,-0.0096,-0.0135
Portugal,PT,-8.0163924833239,39.5909680725474,-0.0195,0.0468
France,FR,2.39432767075193,46.6058680055316,-0.0042,0.0061
France,FR,2.39432767075193,46.6058680055316,0.0102,-0.0073
Swiss-French,CH,6.15,46.2,0.0087,-0.0115
Germany,DE,10.3589016293772,51.0835556416166,0.0273,-0.0133
United Kingdom,UK,-2.33119501692698,53.5432480069741,0.0336,-0.0014
Swiss-German,CH,8.55,47.36,0.0077,-0.0005
Swiss-French,CH,6.15,46.2,0.0075,-0.0017
Portugal,PT,-8.0163924833239,39.5909680725474,-0.0204,0.0459
Germany,DE,10.3589016293772,51.0835556416166,0.0114,-0.0033
Swiss-German,CH,8.55,47.36,0.0154,-0.0049
Netherlands,NL,5.66711565691123,52.2661386478456,0.0229,-0.0039
Belgium,BE,4.61479191810973,50.6615342351454,0.0228,-0.0081
France,FR,2.39432767075193,46.6058680055316,0.0146,0.0035
France,FR,2.39432767075193,46.6058680055316,0.0078,0.0233
Italy,IT,12.5,42.0,-0.0557,-0.0183
Swiss-German,CH,8.55,47.36,0.0073,-0.0075
Spain,ES,-3.56611484727657,40.3287080082217,-0.0157,0.0318
Swiss-German,CH,8.55,47.36,0.0095,0.0064
Portugal,PT,-8.0163924833239,39.5909680725474,-0.0143,0.0325
Germany,DE,10.3589016293772,51.0835556416166,0.0212,-0.0209
Swiss-German,CH,8.55,47.36,0.0083,0.006
Italy,IT,12.5,42.0,-0.0553,-0.0198
Swiss-French,CH,6.15,46.2,0.0054,-0.0049
Italy,IT,12.5,42.0,-0.0509,-0.0274
Poland,PL,19.394607648779,52.14189866452,0.0307,-0.0514
Cyprus,CY,33.1996854536619,35.0981563694544,-0.0734,-0.0392
Germany,DE,10.3589016293772,51.0835556416166,0.04,-0.0336
France,FR,2.39432767075193,46.6058680055316,0.0109,0.0083
Austria,AT,14.1174253717318,47.59249681831,0.0029,0.0015
Italy,IT,12.5,42.0,-0.0544,-0.0183
France,FR,2.39432767075193,46.6058680055316,0.0174,0.0119
Germany,DE,10.3589016293772,51.0835556416166,0.0213,-0.0123
Italy,IT,12.5,42.0,-0.0388,-0.0115
Italy,IT,12.5,42.0,-0.0307,-0.0006
Swiss-German,CH,8.55,47.36,0.0048,-0.0039
France,FR,2.39432767075193,46.6058680055316,-0.0003,0.034
Swiss-French,CH,6.15,46.2,0.0026,0.0012
Spain,ES,-3.56611484727657,40.3287080082217,-0.0178,0.0407
Russian Federation,RU,37.5,55.75,0.0396,-0.0607
Portugal,PT,-8.0163924833239,39.5909680725474,-0.0187,0.0417
Swiss-French,CH,6.15,46.2,0.0105,-0.0018
Germany,DE,10.3589016293772,51.0835556416166,0.0222,-0.0297
Italy,IT,12.5,42.0,-0.0158,0.0055
Swiss-French,CH,6.15,46.2,0.0011,0.0
Spain,ES,-3.56611484727657,40.3287080082217,-0.0141,0.0418
Portugal,PT,-8.0163924833239,39.5909680725474,-0.0215,0.0449
France,FR,2.39432767075193,46.6058680055316,0.0202,0.0198
Italy,IT,12.5,42.0,-0.0556,-0.0175
Swiss-German,CH,8.55,47.36,0.0095,-0.0136
France,FR,2.39432767075193,46.6058680055316,-0.0117,0.0023
Swiss-French,CH,6.15,46.2,0.0026,0.0091
Swiss-German,CH,8.55,47.36,0.0076,-0.0052
Swiss-Italian,CH,8.95,46.0,-0.0191,-0.0099
Serbia and Montenegro,RS,20.6157230848337,43.9494926410995,-0.0027,-0.0509
Portugal,PT,-8.0163924833239,39.5909680725474,-0.0135,0.0252
Swiss-French,CH,6.15,46.2,0.0083,-0.006
Spain,ES,-3.56611484727657,40.3287080082217,-0.0143,0.0345
Swiss-German,CH,8.55,47.36,0.0044,-0.0061
Swiss-French,CH,6.15,46.2,0.0106,0.0044
Italy,IT,12.5,42.0,-0.047,-0.0133
Portugal,PT,-8.0163924833239,39.5909680725474,-0.0129,0.0443
Swiss-German,CH,8.55,47.36,0.0097,0.0077
Portugal,PT,-8.0163924833239,39.5909680725474,-0.0209,0.0477
Swiss-French,CH,6.15,46.2,0.0079,0.004
Netherlands,NL,5.66711565691123,52.2661386478456,0.03,-0.002
Swiss-French,CH,6.15,46.2,0.0062,0.0106
Spain,ES,-3.56611484727657,40.3287080082217,-0.0136,0.0345
Spain,ES,-3.56611484727657,40.3287080082217,-0.0236,0.0463
France,FR,2.39432767075193,46.6058680055316,0.0031,0.0225
Swiss-German,CH,8.55,47.36,0.0116,-0.0038
Italy,IT,12.5,42.0,-0.047,-0.0184
United Kingdom,UK,-2.33119501692698,53.5432480069741,0.0289,0.0019
France,FR,2.39432767075193,46.6058680055316,0.0094,0.0103
Portugal,PT,-8.0163924833239,39.5909680725474,-0.0179,0.0483
Italy,IT,12.5,42.0,-0.0472,-0.0146
Portugal,PT,-8.0163924833239,39.5909680725474,-0.0183,0.0334
Portugal,PT,-8.0163924833239,39.5909680725474,-0.025,0.0358
Portugal,PT,-8.0163924833239,39.5909680725474,-0.0227,0.0528
Italy,IT,12.5,42.0,-0.0309,-0.0136
Portugal,PT,-8.0163924833239,39.5909680725474,-0.0188,0.0409
Swiss-French,CH,6.15,46.2,0.0094,0.0056
France,FR,2.39432767075193,46.6058680055316,-0.004,0.0117
Belgium,BE,4.61479191810973,50.6615342351454,0.0143,-0.001
Portugal,PT,-8.0163924833239,39.5909680725474,-0.0201,0.0562
Swiss-French,CH,6.15,46.2,-0.0002,-0.0007
Swiss-French,CH,6.15,46.2,0.0055,0.0103
Italy,IT,12.5,42.0,-0.0541,-0.01
France,FR,2.39432767075193,46.6058680055316,0.0054,0.0168
Italy,IT,12.5,42.0,-0.0415,-0.0076
Swiss-French,CH,6.15,46.2,0.0015,-0.0027
Portugal,PT,-8.0163924833239,39.5909680725474,-0.0151,0.0405
Portugal,PT,-8.0163924833239,39.5909680725474,-0.0174,0.0443
Swiss-French,CH,6.15,46.2,0.0101,-0.0004
Swiss-German,CH,8.55,47.36,0.011,0.0003
Italy,IT,12.5,42.0,-0.0114,-0.0231
Italy,IT,12.5,42.0,-0.0625,-0.0184
Portugal,PT,-8.0163924833239,39.5909680725474,-0.0164,0.0469
Italy,IT,12.5,42.0,-0.0228,-0.0103
Spain,ES,-3.56611484727657,40.3287080082217,-0.0192,0.0216
Spain,ES,-3.56611484727657,40.3287080082217,-0.0139,0.0324
Swiss-German,CH,8.55,47.36,0.0095,0.001
Spain,ES,-3.56611484727657,40.3287080082217,-0.0127,0.0253
Italy,IT,12.5,42.0,-0.0491,-0.0223
France,FR,2.39432767075193,46.6058680055316,0.0017,0.0191
France,FR,2.39432767075193,46.6058680055316,0.014,0.0158
Belgium,BE,4.61479191810973,50.6615342351454,0.0237,0.0018
France,FR,2.39432767075193,46.6058680055316,0.0128,0.0051
Portugal,PT,-8.0163924833239,39.5909680725474,-0.0212,0.0286
Swiss-French,CH,6.15,46.2,0.0029,-0.0023
France,FR,2.39432767075193,46.6058680055316,0.0019,0.0119
Italy,IT,12.5,42.0,-0.0527,-0.0155
Spain,ES,-3.56611484727657,40.3287080082217,-0.0135,0.0335
Swiss-French,CH,6.15,46.2,0.0068,0.0087
Poland,PL,19.394607648779,52.14189866452,0.0332,-0.0496
France,FR,2.39432767075193,46.6058680055316,-0.0072,0.0341
France,FR,2.39432767075193,46.6058680055316,0.0033,0.0084
Italy,IT,12.5,42.0,-0.0591,-0.0349
Italy,IT,12.5,42.0,-0.0144,0.0003
Swiss-German,CH,8.55,47.36,0.0129,-0.0145
France,FR,2.39432767075193,46.6058680055316,0.0116,0.009
Swiss-German,CH,8.55,47.36,0.0095,-0.0133
Portugal,PT,-8.0163924833239,39.5909680725474,-0.0216,0.0524
United Kingdom,UK,-2.33119501692698,53.5432480069741,0.0295,0.0097
Swiss-French,CH,6.15,46.2,0.0017,0.0083
Swiss-German,CH,8.55,47.36,0.0165,-0.0116
Swiss-German,CH,8.55,47.36,0.0129,-0.0055
Portugal,PT,-8.0163924833239,39.5909680725474,-0.0222,0.0415
Swiss-French,CH,6.15,46.2,0.007,-0.0064
Ireland,IE,-8.18040076502755,53.1966827266848,0.0372,0.0203
Swiss-German,CH,8.55,47.36,0.0046,-0.0036
Spain,ES,-3.56611484727657,40.3287080082217,-0.0205,0.0429
Portugal,PT,-8.0163924833239,39.5909680725474,-0.0176,0.0343
Swiss-French,CH,6.15,46.2,0.0062,-0.0015
France,FR,2.39432767075193,46.6058680055316,0.0138,0.0079
Swiss-French,CH,6.15,46.2,0.0082,-0.0014
Spain,ES,-3.56611484727657,40.3287080082217,-0.0146,0.0472
Italy,IT,12.5,42.0,-0.0216,0.0034
Italy,IT,12.5,42.0,-0.0592,-0.0247
Swiss-German,CH,8.55,47.36,0.0007,0.0021
Swiss-Italian,CH,8.95,46.0,-0.0172,0.0024
Portugal,PT,-8.0163924833239,39.5909680725474,-0.0226,0.0377
Serbia and Montenegro,RS,20.6157230848337,43.9494926410995,-0.0021,-0.052
Portugal,PT,-8.0163924833239,39.5909680725474,-0.0205,0.0383
France,FR,2.39432767075193,46.6058680055316,0.0059,0.0144
Spain,ES,-3.56611484727657,40.3287080082217,-0.0105,0.0469
Swiss-French,CH,6.15,46.2,0.0056,0.0038
Italy,IT,12.5,42.0,-0.0528,-0.0213
Swiss-German,CH,8.55,47.36,0.0108,-0.0043
Portugal,PT,-8.0163924833239,39.5909680725474,-0.0183,0.0365
Swiss-French,CH,6.15,46.2,0.0105,-0.0089
France,FR,2.39432767075193,46.6058680055316,0.0052,0.0071
Italy,IT,12.5,42.0,-0.0086,-0.0004
Poland,PL,19.394607648779,52.14189866452,0.0198,-0.0367
Swiss-French,CH,6.15,46.2,0.0099,0.0004
United Kingdom,UK,-2.33119501692698,53.5432480069741,0.0295,0.0043
United Kingdom,UK,-2.33119501692698,53.5432480069741,0.0331,0.0161
United Kingdom,UK,-2.33119501692698,53.5432480069741,0.0336,0.0005
United Kingdom,UK,-2.33119501692698,53.5432480069741,0.0296,0.0059
United Kingdom,UK,-2.33119501692698,53.5432480069741,0.0318,0.0035
United Kingdom,UK,-2.33119501692698,53.5432480069741,0.0275,0.001
United Kingdom,UK,-2.33119501692698,53.5432480069741,0.0243,0.0057
United Kingdom,UK,-2.33119501692698,53.5432480069741,0.0414,0.0241
Ireland,IE,-8.18040076502755,53.1966827266848,0.0404,0.012
Scotland,Sct,-3.2,55.95,0.0315,-0.0012
United Kingdom,UK,-2.33119501692698,53.5432480069741,0.0314,0.0169
Austria,AT,14.1174253717318,47.59249681831,0.0233,-0.0472
Ireland,IE,-8.18040076502755,53.1966827266848,0.0403,0.0019
United Kingdom,UK,-2.33119501692698,53.5432480069741,0.0258,-0.0007
United Kingdom,UK,-2.33119501692698,53.5432480069741,0.0312,0.0067
United Kingdom,UK,-2.33119501692698,53.5432480069741,0.0352,0.0164
United Kingdom,UK,-2.33119501692698,53.5432480069741,0.0252,0.0015
United Kingdom,UK,-2.33119501692698,53.5432480069741,0.0321,-0.0026
Ireland,IE,-8.18040076502755,53.1966827266848,0.033,0.0187
United Kingdom,UK,-2.33119501692698,53.5432480069741,0.0324,0.0127
Ireland,IE,-8.18040076502755,53.1966827266848,0.0363,0.0162
United Kingdom,UK,-2.33119501692698,53.5432480069741,0.0373,0.0156
United Kingdom,UK,-2.33119501692698,53.5432480069741,0.0354,0.0094
United Kingdom,UK,-2.33119501692698,53.5432480069741,0.0325,0.0099
Germany,DE,10.3589016293772,51.0835556416166,0.0332,0.0092
United Kingdom,UK,-2.33119501692698,53.5432480069741,0.0379,0.0109
United Kingdom,UK,-2.33119501692698,53.5432480069741,0.031,-0.001
United Kingdom,UK,-2.33119501692698,53.5432480069741,0.0236,-0.0014
Ireland,IE,-8.18040076502755,53.1966827266848,0.0393,0.0145
United Kingdom,UK,-2.33119501692698,53.5432480069741,0.028,0.0038
Ireland,IE,-8.18040076502755,53.1966827266848,0.042,0.0063
United Kingdom,UK,-2.33119501692698,53.5432480069741,0.0303,0.0039
United Kingdom,UK,-2.33119501692698,53.5432480069741,0.0308,0.012
United Kingdom,UK,-2.33119501692698,53.5432480069741,0.0251,0.0126
United Kingdom,UK,-2.33119501692698,53.5432480069741,0.0326,0.0098
Ireland,IE,-8.18040076502755,53.1966827266848,0.0401,0.0151
United Kingdom,UK,-2.33119501692698,53.5432480069741,0.0311,-0.0076
United Kingdom,UK,-2.33119501692698,53.5432480069741,0.0369,0.0033
United Kingdom,UK,-2.33119501692698,53.5432480069741,0.0315,0.0022
United Kingdom,UK,-2.33119501692698,53.5432480069741,0.0364,0.0114
United Kingdom,UK,-2.33119501692698,53.5432480069741,0.0253,-0.0007
Ireland,IE,-8.18040076502755,53.1966827266848,0.0336,0.0137
United Kingdom,UK,-2.33119501692698,53.5432480069741,0.02,-0.0049
Ireland,IE,-8.18040076502755,53.1966827266848,0.0351,0.0207
United Kingdom,UK,-2.33119501692698,53.5432480069741,0.0297,-0.0034
Ireland,IE,-8.18040076502755,53.1966827266848,0.0396,0.0075
United Kingdom,UK,-2.33119501692698,53.5432480069741,0.0387,0.015
United Kingdom,UK,-2.33119501692698,53.5432480069741,0.0279,0.0009
United Kingdom,UK,-2.33119501692698,53.5432480069741,0.0278,0.0069
United Kingdom,UK,-2.33119501692698,53.5432480069741,0.0242,-0.0018
United Kingdom,UK,-2.33119501692698,53.5432480069741,0.0277,-0.002
United Kingdom,UK,-2.33119501692698,53.5432480069741,0.0172,0.0121
United Kingdom,UK,-2.33119501692698,53.5432480069741,0.0322,-0.001
United Kingdom,UK,-2.33119501692698,53.5432480069741,0.0302,-0.0012
United Kingdom,UK,-2.33119501692698,53.5432480069741,0.0333,0.0013
United Kingdom,UK,-2.33119501692698,53.5432480069741,0.0258,0.0216
Ireland,IE,-8.18040076502755,53.1966827266848,0.0385,0.0089
United Kingdom,UK,-2.33119501692698,53.5432480069741,0.0221,0.0023
Germany,DE,10.3589016293772,51.0835556416166,0.0317,-0.0079
United Kingdom,UK,-2.33119501692698,53.5432480069741,0.0221,-0.002
Germany,DE,10.3589016293772,51.0835556416166,0.0266,0.0089
United Kingdom,UK,-2.33119501692698,53.5432480069741,0.0326,0.0114
Netherlands,NL,5.66711565691123,52.2661386478456,0.0273,-0.0109
United Kingdom,UK,-2.33119501692698,53.5432480069741,0.0253,0.0124
United Kingdom,UK,-2.33119501692698,53.5432480069741,0.0216,0.0046
Ireland,IE,-8.18040076502755,53.1966827266848,0.04,0.0191
Denmark,DK,9.2549897459615,56.0581130812053,0.0297,-0.0162
United Kingdom,UK,-2.33119501692698,53.5432480069741,0.0285,0.0128
United Kingdom,UK,-2.33119501692698,53.5432480069741,0.031,0.0047
Italy,IT,12.5,42.0,-0.0353,-0.0199
United Kingdom,UK,-2.33119501692698,53.5432480069741,0.0279,-0.0028
United Kingdom,UK,-2.33119501692698,53.5432480069741,0.0252,0.0046
United Kingdom,UK,-2.33119501692698,53.5432480069741,0.0282,0.0071
United Kingdom,UK,-2.33119501692698,53.5432480069741,0.0389,0.0099
Ireland,IE,-8.18040076502755,53.1966827266848,0.0383,0.0087
Austria,AT,14.1174253717318,47.59249681831,0.0146,-0.0195
United Kingdom,UK,-2.33119501692698,53.5432480069741,0.0258,0.012
United Kingdom,UK,-2.33119501692698,53.5432480069741,0.0277,-0.0521
United Kingdom,UK,-2.33119501692698,53.5432480069741,0.0323,-0.0042
United Kingdom,UK,-2.33119501692698,53.5432480069741,0.0322,0.0035
United Kingdom,UK,-2.33119501692698,53.5432480069741,0.0361,0.0126
Italy,IT,12.5,42.0,-0.0244,-0.0192
United Kingdom,UK,-2.33119501692698,53.5432480069741,0.0275,-0.0003
United Kingdom,UK,-2.33119501692698,53.5432480069741,0.0306,0.0014
Spain,ES,-3.56611484727657,40.3287080082217,0.0021,0.0232
United Kingdom,UK,-2.33119501692698,53.5432480069741,0.0342,0.0175
United Kingdom,UK,-2.33119501692698,53.5432480069741,0.0301,0.0123
United Kingdom,UK,-2.33119501692698,53.5432480069741,0.0317,-0.0055
United Kingdom,UK,-2.33119501692698,53.5432480069741,0.0289,0.0165
United Kingdom,UK,-2.33119501692698,53.5432480069741,0.0301,0.0224
United Kingdom,UK,-2.33119501692698,53.5432480069741,0.0239,0.0087
United Kingdom,UK,-2.33119501692698,53.5432480069741,0.038,0.0221
Poland,PL,19.394607648779,52.14189866452,0.0419,-0.0519
Spain,ES,-3.56611484727657,40.3287080082217,-0.0114,0.0322
United Kingdom,UK,-2.33119501692698,53.5432480069741,0.0292,0.0152
United Kingdom,UK,-2.33119501692698,53.5432480069741,0.0227,0.0037
Ireland,IE,-8.18040076502755,53.1966827266848,0.0364,0.0141
United Kingdom,UK,-2.33119501692698,53.5432480069741,0.0248,0.0103
Poland,PL,19.394607648779,52.14189866452,0.0366,-0.0542
United Kingdom,UK,-2.33119501692698,53.5432480069741,0.0279,0.0018
United Kingdom,UK,-2.33119501692698,53.5432480069741,0.0302,-0.0049
United Kingdom,UK,-2.33119501692698,53.5432480069741,0.0335,0.0166
United Kingdom,UK,-2.33119501692698,53.5432480069741,0.0382,0.0193
Spain,ES,-3.56611484727657,40.3287080082217,-0.0211,0.0359
United Kingdom,UK,-2.33119501692698,53.5432480069741,-0.0539,-0.0226
United Kingdom,UK,-2.33119501692698,53.5432480069741,0.0317,-0.0018
United Kingdom,UK,-2.33119501692698,53.5432480069741,0.03,0.0169
United Kingdom,UK,-2.33119501692698,53.5432480069741,0.0301,-0.0043
United Kingdom,UK,-2.33119501692698,53.5432480069741,0.0323,0.0002
United Kingdom,UK,-2.33119501692698,53.5432480069741,0.0279,0.0017
United Kingdom,UK,-2.33119501692698,53.5432480069741,0.0353,0.002
Poland,PL,19.394607648779,52.14189866452,0.0318,-0.0529
United Kingdom,UK,-2.33119501692698,53.5432480069741,0.0332,-0.0014
Ireland,IE,-8.18040076502755,53.1966827266848,0.034,0.0043
United Kingdom,UK,-2.33119501692698,53.5432480069741,0.0404,0.0216
Poland,PL,19.394607648779,52.14189866452,0.0168,-0.0553
Austria,AT,14.1174253717318,47.59249681831,0.0172,-0.0273
Austria,AT,14.1174253717318,47.59249681831,0.0113,-0.0252
United Kingdom,UK,-2.33119501692698,53.5432480069741,0.0268,0.0025
Germany,DE,10.3589016293772,51.0835556416166,0.0277,-0.0322
Germany,DE,10.3589016293772,51.0835556416166,0.0306,-0.0226
Netherlands,NL,5.66711565691123,52.2661386478456,0.024,0.0064
Kosovo,KS,21.1,42.7,-0.0261,-0.0587
Germany,DE,10.3589016293772,51.0835556416166,0.0233,-0.0135
Greece,GR,22.7088465896785,40.0341318427376,-0.0494,-0.0339
Germany,DE,10.3589016293772,51.0835556416166,0.0237,-0.0081
Germany,DE,10.3589016293772,51.0835556416166,0.0304,-0.0222
Netherlands,NL,5.66711565691123,52.2661386478456,0.0306,-0.0077
Italy,IT,12.5,42.0,-0.0294,-0.0042
Spain,ES,-3.56611484727657,40.3287080082217,-0.0211,0.0388
Netherlands,NL,5.66711565691123,52.2661386478456,0.0286,-0.0009
Poland,PL,19.394607648779,52.14189866452,0.0348,-0.0637
Swiss-Italian,CH,8.95,46.0,-0.0648,-0.0157
Germany,DE,10.3589016293772,51.0835556416166,0.0376,-0.0186
Germany,DE,10.3589016293772,51.0835556416166,0.0395,-0.0193
Serbia and Montenegro,YG,20.6157230848337,43.9494926410995,-0.0066,-0.0468
Belgium,BE,4.61479191810973,50.6615342351454,0.0183,-0.0073
Poland,PL,19.394607648779,52.14189866452,0.0358,-0.0582
Belgium,BE,4.61479191810973,50.6615342351454,0.0155,0.0051
Germany,DE,10.3589016293772,51.0835556416166,0.0241,-0.0259
Norway,NO,10.68,59.93,0.0451,-0.0205
Belgium,BE,4.61479191810973,50.6615342351454,0.0175,-0.0012
Bosnia and Herzegovina,BA,17.862023036397,44.1758758177205,0.0006,-0.0568
Finland,FI,24.93,60.17,0.0478,-0.0378
Germany,DE,10.3589016293772,51.0835556416166,0.0087,-0.0144
Germany,DE,10.3589016293772,51.0835556416166,0.0083,-0.0136
Belgium,BE,4.61479191810973,50.6615342351454,0.0148,0.0063
Belgium,BE,4.61479191810973,50.6615342351454,0.0169,0.0013
Germany,DE,10.3589016293772,51.0835556416166,0.0103,-0.0156
Scotland,Sct,-3.2,55.95,0.034,0.0053
France,FR,2.39432767075193,46.6058680055316,0.0137,0.0039
United Kingdom,UK,-2.33119501692698,53.5432480069741,0.0325,0.0112
Netherlands,NL,5.66711565691123,52.2661386478456,0.0203,0.001
Germany,DE,10.3589016293772,51.0835556416166,0.0158,-0.0159
United Kingdom,UK,-2.33119501692698,53.5432480069741,0.0203,0.0053
Belgium,BE,4.61479191810973,50.6615342351454,0.0157,-0.0031
Sweden,SE,18.0,59.35,0.0472,-0.0261
Germany,DE,10.3589016293772,51.0835556416166,-0.0391,-0.0096
Belgium,BE,4.61479191810973,50.6615342351454,0.018,-0.0077
Germany,DE,10.3589016293772,51.0835556416166,0.0188,-0.0098
Austria,AT,14.1174253717318,47.59249681831,0.0189,-0.0315
Poland,PL,19.394607648779,52.14189866452,0.0295,-0.0637
Ireland,IE,-8.18040076502755,53.1966827266848,0.0283,0.0129
Germany,DE,10.3589016293772,51.0835556416166,0.0134,-0.0121
Belgium,BE,4.61479191810973,50.6615342351454,0.0253,0.0057
Austria,AT,14.1174253717318,47.59249681831,0.0153,-0.0137
Germany,DE,10.3589016293772,51.0835556416166,0.0151,-0.0163
Germany,DE,10.3589016293772,51.0835556416166,0.0287,-0.0167
Croatia,HR,16.1,45.32,0.0204,-0.0491
Netherlands,NL,5.66711565691123,52.2661386478456,0.0304,-0.0173
Germany,DE,10.3589016293772,51.0835556416166,0.0293,-0.0268
Germany,DE,10.3589016293772,51.0835556416166,0.0088,-0.0087
Germany,DE,10.3589016293772,51.0835556416166,0.0198,-0.0212
Netherlands,NL,5.66711565691123,52.2661386478456,0.038,-0.0127
Germany,DE,10.3589016293772,51.0835556416166,0.0319,-0.0114
Netherlands,NL,5.66711565691123,52.2661386478456,0.0386,-0.0099
Scotland,Sct,-3.2,55.95,0.0245,-0.0033
United Kingdom,UK,-2.33119501692698,53.5432480069741,0.0319,0.0033
Sweden,SE,18.0,59.35,0.0321,-0.0076
Germany,DE,10.3589016293772,51.0835556416166,0.0281,-0.0096
Poland,PL,19.394607648779,52.14189866452,0.0387,-0.0582
Belgium,BE,4.61479191810973,50.6615342351454,0.0184,-0.0027
United Kingdom,UK,-2.33119501692698,53.5432480069741,0.0288,0.0069
Poland,PL,19.394607648779,52.14189866452,0.0383,-0.0646
Belgium,BE,4.61479191810973,50.6615342351454,0.0269,0.0036
Germany,DE,10.3589016293772,51.0835556416166,0.0199,0.0033
Russian Federation,RU,37.5,55.75,0.0402,-0.0646
Belgium,BE,4.61479191810973,50.6615342351454,0.0145,-0.003
Belgium,BE,4.61479191810973,50.6615342351454,0.0152,0.0025
Germany,DE,10.3589016293772,51.0835556416166,0.0381,-0.0405
Belgium,BE,4.61479191810973,50.6615342351454,0.0181,-0.0031
Poland,PL,19.394607648779,52.14189866452,0.0361,-0.0509
Germany,DE,10.3589016293772,51.0835556416166,0.0194,-0.0204
Germany,DE,10.3589016293772,51.0835556416166,0.0359,-0.0086
Germany,DE,10.3589016293772,51.0835556416166,0.0235,-0.0145
Belgium,BE,4.61479191810973,50.6615342351454,0.0095,0.005
Poland,PL,19.394607648779,52.14189866452,0.0326,-0.0606
Sweden,SE,18.0,59.35,0.0432,-0.0304
Belgium,BE,4.61479191810973,50.6615342351454,0.0266,-0.0013
Belgium,BE,4.61479191810973,50.6615342351454,0.0138,-0.005
Germany,DE,10.3589016293772,51.0835556416166,0.0371,-0.0297
Austria,AT,14.1174253717318,47.59249681831,0.0039,-0.0185
Germany,DE,10.3589016293772,51.0835556416166,0.0132,-0.0128
Poland,PL,19.394607648779,52.14189866452,0.0246,-0.0523
Poland,PL,19.394607648779,52.14189866452,0.0273,-0.0595
Belgium,BE,4.61479191810973,50.6615342351454,0.0194,0.0139
Ireland,IE,-8.18040076502755,53.1966827266848,0.0356,0.0136
Germany,DE,10.3589016293772,51.0835556416166,0.0123,-0.0075
Belgium,BE,4.61479191810973,50.6615342351454,0.0215,0.0025
Norway,NO,10.68,59.93,0.0422,-0.0127
Belgium,BE,4.61479191810973,50.6615342351454,0.0103,0.0051
Germany,DE,10.3589016293772,51.0835556416166,0.011,-0.0059
Netherlands,NL,5.66711565691123,52.2661386478456,0.0323,0.0009
Germany,DE,10.3589016293772,51.0835556416166,0.0435,-0.0132
Slovenia,SI,14.77396657511,46.1226431116918,0.0121,-0.0416
Ireland,IE,-8.18040076502755,53.1966827266848,0.0298,0.007
Germany,DE,10.3589016293772,51.0835556416166,0.033,-0.0008
Russian Federation,RU,37.5,55.75,0.0315,-0.0618
Belgium,BE,4.61479191810973,50.6615342351454,0.0182,-0.0115
Germany,DE,10.3589016293772,51.0835556416166,0.0197,-0.0165
Belgium,BE,4.61479191810973,50.6615342351454,0.0179,0.0002
Germany,DE,10.3589016293772,51.0835556416166,0.0081,-0.0181
Germany,DE,10.3589016293772,51.0835556416166,0.0289,-0.0091
Sweden,SE,18.0,59.35,0.0401,-0.0089
Germany,DE,10.3589016293772,51.0835556416166,0.0247,-0.0229
Germany,DE,10.3589016293772,51.0835556416166,0.0239,-0.0101
Germany,DE,10.3589016293772,51.0835556416166,0.0196,-0.0253
Germany,DE,10.3589016293772,51.0835556416166,0.0322,-0.0101
Belgium,BE,4.61479191810973,50.6615342351454,0.0163,-0.0078
Germany,DE,10.3589016293772,51.0835556416166,0.0306,-0.0187
Netherlands,NL,5.66711565691123,52.2661386478456,0.0335,-0.0128
Poland,PL,19.394607648779,52.14189866452,0.0353,-0.0519
France,FR,2.39432767075193,46.6058680055316,0.007,0.0098
Belgium,BE,4.61479191810973,50.6615342351454,0.0212,-0.0001
Sweden,SE,18.0,59.35,0.0367,-0.0216
Austria,AT,14.1174253717318,47.59249681831,0.0141,-0.0305
Poland,PL,19.394607648779,52.14189866452,0.0376,-0.0469
United Kingdom,UK,-2.33119501692698,53.5432480069741,0.0315,0.0174
Belgium,BE,4.61479191810973,50.6615342351454,0.0168,0.0072
Belgium,BE,4.61479191810973,50.6615342351454,0.0188,0.0071
Germany,DE,10.3589016293772,51.0835556416166,0.0375,-0.0215
Germany,DE,10.3589016293772,51.0835556416166,0.0223,-0.0188
Poland,PL,19.394607648779,52.14189866452,0.0214,-0.033
Belgium,BE,4.61479191810973,50.6615342351454,0.0242,-0.0073
Germany,DE,10.3589016293772,51.0835556416166,0.0181,-0.0208
United Kingdom,UK,-2.33119501692698,53.5432480069741,0.04,0.017
United Kingdom,UK,-2.33119501692698,53.5432480069741,0.0273,0.0004
United Kingdom,UK,-2.33119501692698,53.5432480069741,0.0359,0.0202
Cyprus,CY,33.1996854536619,35.0981563694544,-0.0731,-0.0388
United Kingdom,UK,-2.33119501692698,53.5432480069741,0.0394,0.0201
Ireland,IE,-8.18040076502755,53.1966827266848,0.0339,0.004
Spain,ES,-3.56611484727657,40.3287080082217,-0.0189,0.0339
United Kingdom,UK,-2.33119501692698,53.5432480069741,0.0277,-0.0084
Ireland,IE,-8.18040076502755,53.1966827266848,0.0373,0.0083
United Kingdom,UK,-2.33119501692698,53.5432480069741,0.0354,0.0233
Ireland,IE,-8.18040076502755,53.1966827266848,0.0401,0.0095
United Kingdom,UK,-2.33119501692698,53.5432480069741,0.033,0.005
United Kingdom,UK,-2.33119501692698,53.5432480069741,0.0317,0.0104
United Kingdom,UK,-2.33119501692698,53.5432480069741,-0.0666,-0.0283
United Kingdom,UK,-2.33119501692698,53.5432480069741,0.0291,0.0001
Ireland,IE,-8.18040076502755,53.1966827266848,0.035,0.0053
United Kingdom,UK,-2.33119501692698,53.5432480069741,0.0294,0.0118
United Kingdom,UK,-2.33119501692698,53.5432480069741,0.0311,0.0034
Ireland,IE,-8.18040076502755,53.1966827266848,0.0312,0.016
United Kingdom,UK,-2.33119501692698,53.5432480069741,0.0263,-0.0124
United Kingdom,UK,-2.33119501692698,53.5432480069741,0.0254,0.0069
United Kingdom,UK,-2.33119501692698,53.5432480069741,0.0333,-0.0035
Ireland,IE,-8.18040076502755,53.1966827266848,0.0364,0.0116
United Kingdom,UK,-2.33119501692698,53.5432480069741,0.036,0.0109
United Kingdom,UK,-2.33119501692698,53.5432480069741,0.0038,-0.0119
Ireland,IE,-8.18040076502755,53.1966827266848,0.0354,0.0181
Ireland,IE,-8.18040076502755,53.1966827266848,0.0309,0.02
United Kingdom,UK,-2.33119501692698,53.5432480069741,0.0297,0.0012
France,FR,2.39432767075193,46.6058680055316,-0.0042,0.0198
Ireland,IE,-8.18040076502755,53.1966827266848,0.0401,0.0177
Cyprus,CY,33.1996854536619,35.0981563694544,-0.0734,-0.0395
United Kingdom,UK,-2.33119501692698,53.5432480069741,0.0264,0.0078
Ireland,IE,-8.18040076502755,53.1966827266848,0.0392,0.0099
United Kingdom,UK,-2.33119501692698,53.5432480069741,0.0288,0.0032
Ireland,IE,-8.18040076502755,53.1966827266848,0.0299,0.0061
United Kingdom,UK,-2.33119501692698,53.5432480069741,0.0294,-0.0095
United Kingdom,UK,-2.33119501692698,53.5432480069741,0.0312,0.0077
United Kingdom,UK,-2.33119501692698,53.5432480069741,0.0328,0.005
United Kingdom,UK,-2.33119501692698,53.5432480069741,0.0291,0.0046
United Kingdom,UK,-2.33119501692698,53.5432480069741,0.0313,-0.0087
United Kingdom,UK,-2.33119501692698,53.5432480069741,0.0171,0.0072
United Kingdom,UK,-2.33119501692698,53.5432480069741,0.033,0.0108
United Kingdom,UK,-2.33119501692698,53.5432480069741,0.04,0.0177
United Kingdom,UK,-2.33119501692698,53.5432480069741,0.033,0.0032
Ireland,IE,-8.18040076502755,53.1966827266848,0.038,0.0109
United Kingdom,UK,-2.33119501692698,53.5432480069741,0.0305,0.0066
Ireland,IE,-8.18040076502755,53.1966827266848,0.0395,0.0149
Ireland,IE,-8.18040076502755,53.1966827266848,0.0272,0.0118
Ireland,IE,-8.18040076502755,53.1966827266848,0.0354,0.012
Ireland,IE,-8.18040076502755,53.1966827266848,0.0358,0.0199
United Kingdom,UK,-2.33119501692698,53.5432480069741,0.0231,0.0018
Ireland,IE,-8.18040076502755,53.1966827266848,0.0341,0.012
United Kingdom,UK,-2.33119501692698,53.5432480069741,0.0241,-0.0038
United Kingdom,UK,-2.33119501692698,53.5432480069741,0.0282,0.0
United Kingdom,UK,-2.33119501692698,53.5432480069741,0.0287,0.0046
Ireland,IE,-8.18040076502755,53.1966827266848,0.0333,0.0225
Serbia and Montenegro,YG,20.6157230848337,43.9494926410995,-0.0092,-0.0541
United Kingdom,UK,-2.33119501692698,53.5432480069741,0.0398,-0.0014
United Kingdom,UK,-2.33119501692698,53.5432480069741,0.0278,-0.0046
United Kingdom,UK,-2.33119501692698,53.5432480069741,0.0315,-0.0035
United Kingdom,UK,-2.33119501692698,53.5432480069741,0.0228,-0.0015
United Kingdom,UK,-2.33119501692698,53.5432480069741,0.0333,-0.0008
Italy,IT,12.5,42.0,-0.0494,0.0397
United Kingdom,UK,-2.33119501692698,53.5432480069741,0.0275,0.0085
United Kingdom,UK,-2.33119501692698,53.5432480069741,0.0407,0.007
United Kingdom,UK,-2.33119501692698,53.5432480069741,0.0306,-0.0011
United Kingdom,UK,-2.33119501692698,53.5432480069741,0.0245,-0.0025
Ireland,IE,-8.18040076502755,53.1966827266848,0.0405,0.0044
Ireland,IE,-8.18040076502755,53.1966827266848,0.0379,0.0239
United Kingdom,UK,-2.33119501692698,53.5432480069741,0.028,-0.0003
United Kingdom,UK,-2.33119501692698,53.5432480069741,0.035,0.0037
United Kingdom,UK,-2.33119501692698,53.5432480069741,0.0315,0.0113
United Kingdom,UK,-2.33119501692698,53.5432480069741,0.028,-0.0012
United Kingdom,UK,-2.33119501692698,53.5432480069741,0.03,0.0081
United Kingdom,UK,-2.33119501692698,53.5432480069741,0.0289,-0.002
